text	label
如果没有人相信你，那就自己相信自己；如果没人欣赏你，那就自己欣赏自己；如果没人祝福你，那就自己祝福自己。用心去触摸属于自己的阳光，用爱去创造属于自己的时空。当自己读懂了自己，世界才能读懂你。	0
老外的汉语“四六级”听力，这难度，我也是醉了！http://t.cn/RUJ3THD	0
曾诚落地时踩在黄博文脚上不慎受伤	0
长得丑怎么了？不喜欢自己现在的样子的怎么办？一个幽默治愈的小短片http://t.cn/RU8AtYg	0
昨晚我发的互动话题是：“女生恢复单身是什么感觉 _________________” 5万评论，看得好爽！不介意孤独，比爱你舒服。原来整个世界一下子变得美好了。。。。。(｡•ω<｡)	0
生命中最难的阶段不是没有人懂你，而是你不懂你自己。	0
给每一个烦恼一段期限，在有限的时间内尽力解决，剩下的时间，请还给快乐的自己。	0
这个我必须转一下：请不要这样欺骗老人，谢谢！	0
#萌萌# 第一次看到萌萌踩奶……感觉是踢奶……	0
这哥们儿脾气很冲啊！	0
#足球·亚冠决赛# 萌萌哒的马云，全情投入。[笑cry]	0
#杨洋icon# 就得这么看[偷乐]简直实力撩妹[doge]羊毛们闭上眼睛带走最后一张吧[哈哈]	0
你可以摸我了。	0
深夜食堂 【9道风味炒饭】上班族必学技能，省事、省力、省钱转~	0
“不要活得太累，不要忙的太疲惫；想吃了不要太嫌贵，想穿了不要说浪费；心烦了找个朋友聚聚会，瞌睡了倒下头就去睡。心态平和永远最美，天天快乐才对。”[心]	0
以怎样的轨迹生活，才能与你不期而遇。[悲伤]	0
#晚安#【九部横扫国际大奖的高逼格电影】：部部看哭，唯有爱不分国界！	0
努力过后才知道，许多事情，坚持坚持就过来了。	0
这种呆比游戏看着莫名的爽，好想玩！	0
Dream Room  🌟	0
【instiz】在#我的女儿琴四月# 下集预告中登场的刘在石,据悉大神一人分饰三角.	0
刚刚看完老炮儿演唱会，结果见证了影帝👍哎，又来抢我们饭碗[偷笑]	0
【我们要活着年轻，要年轻地活着[心]】刘德华超棒的演讲，天道酬勤，努力付出才有回报！[good] http://t.cn/RLFFOvM	0
既见君子，云胡不喜。论颜值这才叫无人能及~	0
当女孩上了一辆出租车后，善良的的哥告诉她的，看哭了。[泪]	0
【丧失了喜欢人的能力是怎样的体验？】容易喜欢上一个人，也容易很快让感情熄灭。年轻时可以为爱情奋不顾身，现在却连付出真心都做不到了。[失望][伤心]	0
【男生有哪些细节能体现他是情场高手？】遇到一个对的人不容易，女生们长点心吧[喵喵]	0
好烦	0
人生是一条有无限多的一个岔口，每个人都要不停地做选择，而不同的选择也必定造就不同的人生。其实每一个岔口的选择并没有真正的好与坏，因为每一段人生都是我们自己独一无二的选择。	0
置顶 有些人，我们叫着亲爱的，却并不喜欢，有些人我们骂着傻逼，却是真的爱着。	0
又是一个神模仿，表情我给满分！完全看不懂，简直太污了！！！[笑cry]http://t.cn/RUmuJHm	0
这图太魔性了，谁能告诉我这三个人是谁，哈哈。关注后方可评论。[哈哈]#大叔神吐槽#	0
#瓜皮# 我现在发个正常图就有人问我为什么不见nai你们太污[拜拜]	0
玩笑里往往藏着真心话http://t.cn/RUnGgZA	0
#涨姿势#【教你分分钟把你的小伙伴做成一个表情包！[doge]】超级简单，好玩又有趣！[笑cry][笑cry]转需~	0
【naverblog】#奶酪陷阱# 公开了六名角色海报.这部根据韩国人气漫画改变的电视剧将在明年1月4日tvN月火档播出,由朴海镇、金高银、徐康俊、南柱赫、李圣经等联袂出演.	0
总觉得自己的性格不适合上班，只适合拿工资。。。	0
有时候你把什么放下了，不是因为突然就舍得了，而是因为期限到了，任性够了，成熟多了， 也就知道这一页该翻过去了。	0
哈哈哈哈你说你那个ADC溜得不得了结果啊10分钟死尼玛8次。。。 http://t.cn/RUx68VS	0
【剩饭的逆袭】四招让你的米饭剩者为王！http://t.cn/RUl4px9	0
「有哪些长得比较逆天的动物？」哎呀哎呀都好萌呀，长见识了(⌯˃̶᷄ ⁻̫ ˂̶᷄⌯)#值得一看#	0
秋日里的狐狸们[可爱]	0
游戏和我 你选一个	0
没有完全合适的两个人 只有互相迁就的两个心	0
字幕：这才是真爱[doge]	0
【instiz】总觉得下一个动作就是壁咚了……[笑cry][笑cry]朴宝剑&Irene.	0
精致好吃的家常菜，家里请客吃饭必备！	0
这是什么输入法，如此魔性。。。http://t.cn/RUTqpqE	0
【fnnews】张根硕21日下午因日本行程经金浦机场出国.	0
好魔性的歌曲，12星座到底谁最骚浪贱！有中枪的没？ [笑cry]http://t.cn/RUmyxdw	0
一种叫做fallstreak hole的云层现象，简直就是打开了异次元的大门！	0
【四招制色狼，妹纸们看过来[威武]】“天马流星拳、佛山无影脚、九鹰白骨掌、少林铁头功、”这四招制狼招数一看便会，行走江湖，多一门技能总是好滴！MM学起来，转起！	0
这个叫Simon Beck的大叔，是世界上第一个“雪艺家”，他经常在西伯利亚的雪和冰上作画，基本靠走。。。平均每幅作品要走5-10个小时才能完成。。（英国报姐）	0
老祖宗传下来的混社会大全，每一句都是真理！	0
我说恋爱中的人啊，你们可长点心吧~！[白眼][拜拜]	0
上海话+英语，大妈属性飙升！姑娘侬这么international真的好吗？(cr：papi酱) http://t.cn/RUJQWnS	0
【亚冠决赛次回合 恒大首发】曾诚 ；邹正、金英权、冯潇霆、张琳芃 ；郑智、黄博文、保利尼奥 ；郑龙、埃尔克森、高拉特。加油！[hold住]	0
【可乐鸡翅】超高人气百吃不腻的可乐鸡翅，这个做法做出来鲜香不油腻！做过的小伙伴们都说好吃，你们快收~	0
猫咪画展	0
#正能量#你一个小小的举动，却能温暖整个寒冬！转！[心]http://t.cn/RUEsi0W	0
不要轻易伤害一个慢热型的人 他们对感情往往加倍执着	0
你明知道蜷缩在床上感觉更温暖，但还是一早就起床；你明知道什么都不做比较轻松，但依旧选择追逐梦想。这就是生活，你必须坚持下去——分享给周末仍然早起的你！图丨Andrew Evans	0
斯嘉丽·约翰逊双胞胎弟弟Hunter Johansson身高191，混迹政坛。姐弟俩，一位有胸，一位有腿，关键是有颜。别人家的基因，每次出场都闪闪闪。约翰逊姐弟生快！[害羞]	0
【午间分享】大冷天的，请允许我打个盹[doge][笑cry][笑cry][笑cry]http://t.cn/RUuKhjY	0
这是每个汪星人，都过不去的一道坎。。。心疼哭 http://t.cn/RLKgtRK	0
#万象#【北京“小雪”节气遇大雪】北京雪景来啦~小伙伴们有没有按捺不住出门看看[雪][雪]呢？[鼓掌][鼓掌]	0
老爸当时的内心几乎是崩溃的，哈哈哈哈，说好女儿是爸爸上辈子的情人呢？！http://t.cn/RZsAB95	0
现！在！呢！！现！在！[微笑]//@AlanXXD：北！京！没！有！下！！没！有！[拜拜]	0
【快来感受一下爆发的少女心[太开心]】田馥甄《我的少女时代》，满满都是青春的记忆，转给大家~~ [心]by网络 http://t.cn/RUnfRQn	0
我到现在也不知道自己到底有没有爱过你 只知道那时候眼泪是真的 心酸是真的 想和你在一起一辈子也是真的	0
那些孩子们的善心，天真却特别有爱[心]（英国报姐）	0
一条裤子穿两年，一瓶洗面奶用三年。。。[笑cry]http://t.cn/RUu6pH2	0
(〃▽〃)睡树上叫都叫不醒，下到一半还伸爪子求抱抱，是有多懒啊......[心]#今日最鲜# http://t.cn/RU3vPQn	0
#午间分享# 看完这个就知道为什么贝克汉姆叫黄金右脚了。。。碉堡了[震惊]http://t.cn/RLHRMzK	0
柠檬水，你喝对了吗？不同的做法，有不同的效果哦～	0
信任不是指没有误会 ，而是总会给对方把误会解释清楚的机会。	0
9种红薯的美味做法，吃货们赶紧get起来，转需！	0
真的给这种机智的拍摄手法跪了，觉得我也可以环游世界了~	0
9个必学的快捷键技能，老板来查岗再也不怕不怕啦，小伙伴们速度get起来！（黑客师）	0
到底谁跟凯凯王约会？已派出大内密探调查那个女人的身份！http://t.cn/RUuTsPy	0
感觉这部《消失的凶手》好好看的样子~	0
Fuguclub: http://t.cn/RUuuvKZ	0
那个说我是大头死变态的，你给我出来！ http://t.cn/RU3UZ3J	0
【instiz】#Bigbang#强大的团队信念从何而来？胜利曰：烤蛤蜊[偷乐]	0
97％去过杭州的人都不知道的新鲜玩法！想去杭州的小伙伴马~	0
够钱够时间的时候，就旅行，若不够，就先读书。	0
女神 斯嘉丽·约翰逊 31岁生日快乐！[蛋糕][心]	0
看完全程只能用一个“爽”字来表达！膝盖跪碎了！！ http://t.cn/RLuZFSl	0
最值得中国学生认真听的演讲：如果想要伟大，就用平凡来堆积，时间较长，建议先马再看！ http://t.cn/RUfIdDM	0
别再抱怨你在十四亿人中找不到一个对的人了，考试时你选择题四个选项都找不到一个对的。。。[拜拜]	0
有些人将就了一辈子才明白，原来可以将就下去就已经是爱了。从来没有一个人让你觉得完美，能让你愿意忍耐缺点的那个人，就是爱人。	0
【一张图展现深沉的父爱~~[爱你]】看到这， 就爆发泪点了~~~爸爸你听我说，有个偏方说童子尿能治疗颈椎炎~~~[笑cry][笑cry][笑cry]by网络	0
一个神奇的现象：只要你夸你妈这道菜做的好，那么接下来这一个星期你都会吃到同一道菜。	0
哪怕我们有99个理由要分开，但能不能为了那一个理由留下来。	0
陈奕迅现场版《约定》，“两鬓斑白都可认得你”，太好听！！！ http://t.cn/RLBln1M	0
教给大家口水鸡的美味做法，爱吃的快学起来！[花心]	0
原来草莓收割机是这样工作的，好厉害的样子！	0
涨姿势！10个关于水的不可思议的科学实验~http://t.cn/Ry70EzV	0
无论过去发生过什么，无论你是否准备好了，下一刻都是一个崭新的开始。	0
【周末早安[微风]】别致的建筑，多瑙河河畔建筑对称之美。丨来自摄影师Zsolt Hlinka。	0
隔夜茶居然这么牛？你还不知道吧~	0
一个男生真心喜欢上了一个女生是怎样的感受？	0
警犬和军犬，已不能简单用“人类的伙伴”来形容，它们也代表了忠诚 @英国报姐	0
"没有谁是因为一时冲动而离开你的，那些难过无助又一次次忍耐的眼泪你都看不见。就像堤坝下逐渐因侵蚀而拓宽的裂缝，你看见的，只是它崩溃的那个瞬间。""请关 注我，这里总有一句是你想说的话“"	0
@大鹏看天下 [打脸]	0
吃货们快来[色]史上最美味的蛋包饭做法，花2分钟get√一下！http://t.cn/Rybsm07	0
我该带着什么样的态度，看完这个视频？好笑？不好笑？#大叔神吐槽# http://t.cn/RUmuJHm	0
伊朗F-14战机为空袭IS俄军图95护航	0
世界那么大，我却只想跟你在一起……http://t.cn/RUuvCMj	0
人生就是这样，耐得住寂寞才能守得住繁华，该奋斗的年龄不要选择了安逸，度过了一段自己都能感动的日子，就会遇见那个最好的自己，踏实一些，你想要的岁月统统会还给你。 上午好[太阳]	0
这笑声太魔性了！根本停不下来！ http://t.cn/R2Gje37	0
我所理解的生活，就是和我喜欢的一切在一起。	0
【instiz】据网友说,这是崔泽是惠利未来老公的理由~你觉得呢?[偷笑](cr:logo)	0
东北话版《泰坦尼克号》秒变乡村爱情啊哈哈哈，你俩嘎哈呢？憋扯犊子行不？[笑cry]http://t.cn/RwhKTh8	0
有魔性的一张图，我也看醉了	0
为什么暗恋那么好。因为暗恋从来不会失恋，你一笑我高兴很多天，你一句话我记得好多年。	0
只有这样的婚礼才让我羡慕。。。说出了多少人的心声[微风]	0
摩羯座之歌 这旋律太嗨，大脑已经在自动循环之中了。http://t.cn/RyiIsOo	0
简约美式三室两厅，参考~	0
#天下#【缅北山体滑坡已致至少60人死亡】据外电报道，缅甸北部发生山体滑坡造成至少60人死亡，上百人失踪。http://t.cn/RU37qqP	0
有个空姐在飞机上讲解安全指引，但好像只有一个乘客在认真听，好乖的汪星人啊。。。[doge]	0
把目光放在别处，洒脱还给自己，做想做的事情，去想去的远方。	0
据@首都机场 ，受雨雪天气影响，目前机场周边高速封路，导致省际巴士所有线路无车。机场巴士市内方向及出租车均运行正常。为了您的顺利出行，请尽量乘坐公共交通前往首都机场。	0
别人再好，也是别人。自己再不堪，也是自己，独一无二的自己。只要努力去做最好的自己，一生足矣。	0
真●磨人的小妖精......永远需要被关注，一刻都离不开主人的目光......[心]http://t.cn/RUuXVod	0
想吃健康无毒的豆芽？一个可乐瓶子就能种出来！一起来涨姿势啦！！！[赞]	0
英国漫画家“John Holcroft”对现代人存在的弊病，用幽默讽刺的插画表现出来...	0
【naverblog】朴三岁小盆友扑闪扑闪的大眼睛~[羞嗒嗒]	0
#时局#【厦门副市长李栋梁被查】福建省纪委消息：福建省厦门市人民政府党组成员、副市长李栋梁涉嫌严重违纪，目前正接受组织调查。http://t.cn/RUnKa6N	0
人生重要的不是所站的位置，而是所朝的方向。晚安[月亮]	0
再多的误解，最终也输给笑容。再多的狭隘，总会输给包容。再多的伤害，也最终输给慈悲。再多的荣枯，最终也输给花朵。再多的纠结，最终也输给时光。	0
据说中五个以上你就可能患上抑郁症[拜拜]	0
路，不通时，选择拐弯；心，不快时，选择看淡；情，渐远时，选择随意。	0
刚看完吴彦祖主演的美剧《Into the Badlands荒原》第一集.....总结就是：剧情soso，看脸就好~~~~~[喵喵][喵喵][喵喵]给了蛋妞N多特写镜头~	0
原来在年轻时，我们都曾知识渊博！！！[拜拜]	0
ISIS到底是什么组织？五分钟科普动画带你快速了解。http://t.cn/RUEbCCP	0
[话筒]求扩散~公安部打拐办主任@陈士渠 表示已部署调查。请大家留意，扩散，帮帮老人！	0
【可能是最性感的减肥方式[偷乐]】用一种舞蹈的形式，让你感受甩肉过程！9个动作，反复3-5次，一天大概30分钟，享受并且坚持，说明你已经成功一半了！还等什么[来]	0
【教你做土豆泥虾球[色]】一口一个，一口一个，虾和土豆都是真爱啊！！！	0
【北京发布大雾黄色预警】受降水天气影响，今天下午到夜间，北京将出现大雾天气，部分地区能见度不足500米。北京市气象台今天中午发布大雾黄色预警信号。提醒：能见度低，开车应减速慢行。（央视记者张景）	0
【声明】今天互联网上流传所谓“央视新闻发布微博，称'死者情绪稳定’”的截图，经确认该图是伪造图片！我们对这种利用同胞遇害一事，恶意炒作的行为，表示严厉谴责，并保留追究法律责任的权利。转发，传递真相！	0
#下午茶#有一件事情，我想要跟你说，你从遥远的南方带给我的茶花，在一个晴朗的春日里开了。——陈升《航班116》图 | Anna Remarchuk	0
【不会这些，千万别说你熟练掌握办公软件[酷]】Excel中的常用公式，非常实用和经典，你会用吗？get√	0
#北京精选# 一段发人深省的泰国公益短片:《不要让好人受到伤害》，愿所有的好人都被世界以温柔相待，愿这种正能量永远长存。[心] http://t.cn/RUnLaWm	0
我终于知道为什么我们长五根手指了。。。	0
关于距离，最让人怕的，就是不确定对方是惦记你，还是把你给忘记。	0
事实告诉我们：钱什么的，说白了都是纸[笑cry]对此你想说______________	0
爱知县的一家叫做「暖家ダイニング」的居酒屋推出的胶原蛋白火锅，又被称为龙珠火锅，当然要点满七颗龙珠然后许个愿啦！[doge]	0
【新疆打掉暴恐团伙歼灭28人】新疆警方披露，经过56天连续顽强作战，新疆打掉一境外极端组织直接指挥的暴恐团伙，除1人投降自首外，其余28名暴徒被全部歼灭。详见：http://t.cn/RUmjycm	0
电鳗跟鳗鱼完全没关系，它是一种长刀鱼，跟鲤鱼和鲶鱼的亲缘关系比较近。（日本鳗鱼欧洲鳗鱼都让你们吃成濒危极危了，还吃吃吃→_→http://t.cn/RyZ4ZZ0	0
所谓成熟就是，你要习惯任何人的忽冷忽热，也要看淡任何人的渐行渐远。	0
整理了知乎上『有哪些平平无奇的两样东西结合在一起之后大放异彩的例子？』的一些回答，让你不得不服，你们感受下。	0
怎么疼爱自己的男朋友？？[赞][赞]#花式虐狗#	0
生活常和我们开着玩笑， 你期待谁，谁就会离你越远，你执着谁，谁就会伤你最深。	0
#轻松一刻#一位和父亲商量着把弟弟卖给宠物店的小女孩，绝对是亲姐姐！！[笑cry][笑cry][笑cry]你觉得自己被卖到宠物店的话，能卖多少钱？http://t.cn/RUYfUht	0
跳进仙人掌里是种什么感觉？这位外国小哥体验了一下[衰]。。。（这里是美国）http://t.cn/RU8brkD	0
太过迁就别人，别人就会变本加厉的为难你；太过忍让别人，别人就会得寸进尺的伤害你。事实上你所遇见的贱人，多数都是被你的“好”给惯出来的。	0
“整个城市都睡了，只剩我和我的心事不能寐，那个好久不见的你，又占据我的回忆。”	0
今年你看过最棒的一部电影是________？[熊猫]	0
最伟大的键盘党组织，宣布对ISIS全面开战 http://t.cn/RURqBx0	0
“原来真正的忘记不是不再想起，而是想起时，心里没了波澜。”	0
JYJ简单的谈话视频，全称无尿点，各种好笑，但是麻烦当哥哥的下次不要欺负秀秀，好么。#韩流天天看# http://t.cn/RUCgMeX	0
抱最大希望，尽最大努力，做最坏打算，持最好心态。记住该记住的，忘记该忘记的，改变能改变的，接受成事实的。太阳总是新的，每天都是美好的日子。早安！	0
一只会模仿主人任何表情和动作的柴犬，成精了， 哈哈哈哈哈哈哈神同步，感觉快被玩坏了！ http://t.cn/RLDxhfq	0
你见过的情商最高的行为是什么？	0
陈小春和应采儿的婚礼MV，看着都感觉好幸福[心]http://t.cn/RUEs1PH	0
一看就是亲生的	0
#贵州印象# 当地朋友来接，见了面就热情地说：“第一次来贵州吧？” 我说是啊，之前从来没来过。他笑眯眯地说：“没关系，这次总算有好事者船载以入啦。”  [泪][泪][泪][泪]	0
愿有人待你如初 疼你入骨，从此深情不被辜负。#听说关注恋爱君的人，都找到对象了# 【第六十八期】	0
闭上眼睛，清理你的心，过去的就让它过去吧。	0
靖王教大家行礼[可爱] 是不是很萌？	0
喜欢就在一起吧 别辜负了相遇	0
#江湖碎碎念# 变成矿晶了怎么办？在线等！急！[doge]	0
打着真性情的旗号，去做一些不顾别人感受的事，其实只是没教养且情商低。	0
还记得之前在电视直播中抢镜爆红的小男孩吗？最近，他的梦想成真了。。。	0
"我是个没耐心的人却爱你那么久 是个骄傲的人却求求你别走 从没想过我们就突然再也没有任何瓜葛 你也不会再知道 那场终有一天有你的梦 我做了多久""请关 注我，这里总有一句是你想说的话“"	0
心疼小短腿，不但打架不利索，自己挠个痒都够不着脸，狗生艰难......[笑cry]	0
想你的人,自然会找你,不想你的人,又何必去打扰.	0
【SBS】SBS#Remember#官网更新宣传片一则,令人心动的高颜值CP组合#俞承豪# #朴敏英#[羞嗒嗒] http://t.cn/RUn5LRh	0
想叫它们起来凹造型拍几张照片，谁都不醒。我开冰箱拿点零食吃，谁都不困……我们之间本没什么缘分，全靠好吃的硬撑着	0
人有时候会突然变得脆弱，突然地就不快乐，突然地被回忆里的某个细节揪住，突然地陷入深深的沉默，不想说话。	0
《哈利·波特》上映已经14年了，13分钟重温8部系列电影最伟大的时刻，每个画面都是回忆[悲伤]http://t.cn/RURkC7V	0
【4个常忽略却超没礼貌的行为，一起来反省吧】生活中有不少我们忽略的小细节，自己习以为常、不知不觉做出的习惯性行为，可能在别人看来很没有礼貌。	0
Pink现场版《Just Give Me A Reason》，听一遍就喜欢上的一首歌！很好听！！ http://t.cn/Ry9vDze	0
是我第一个发现@SebastianStan 开了微博的吗？然后...皇冠也亮了[得瑟] 送会员的小伙儿 or 妹纸，我看好你哦~[转发][转发]	0
当老爸独自带双胞胎……大写的头疼+doble的萌[哈哈][哈哈][哈哈]http://t.cn/RUniSpk	0
这摇头的节奏竟然和《Uptown Funk》这么搭，萌了我一脸！http://t.cn/RLlL10Q	0
#涨姿势#重复六遍，就能看见好多好多雪！[雪] via.罗罗布	0
整理出以下网友九个神回复，看完我表示跪了。。。	0
图解酱香饼做法，自己做卫生又美味，果断收了哈!转	0
单身的兄弟姐们千千万，长期不停秀恩爱的情侣可给我小心了！	0
德国的科技农业，全世界都震惊了！牛！ http://t.cn/R2M6KGE	0
如果我们的大学领导，呵护大学生（仅限于精神），就像呵护幼儿园里的孩子一样，那么，你们能培养什么样的接班人呢？大学生还能长大成人吗？	0
酸辣粉的9种不同做法，赶紧get起来，转需！	0
男女对唱版《Let her go》，不要等天空开始飘雪，才想念阳光。不要等放开她的手，才明白爱着她。珍惜眼前人~[心]http://t.cn/RUmbBsX	0
全年无休的喵力闹钟，到点就来了......诶，醒醒，你猫饿了......http://t.cn/RUu4xvN	0
《但你没有》，一个美国女人写给自己丈夫的一首诗，感动cry！！！	0
阿笨与阿占，每次看到它俩就想笑，真的好可爱！ http://t.cn/RAE9xtO	0
"因为做不到才总是说“顺其自然吧”，因为不想承认自己的失败才总是说“人都这样”。""请关 注我，这里总有一句是你想说的话“"	0
冬天到了，为什么别人的围巾围出来这么好看？快把这十大围围巾方法学起来吧~[good]http://t.cn/RUNJNaE	0
雪花是怎样形成的~好美！[心]	0
#勋鹿# 陪你度过漫长岁月[爱你]，认认真真的看完[亲亲]http://t.cn/RUnWuhL	0
#新浪独家#【手绘日历！带你预览未来七天大事】[噢耶]猛戳下图↓[转发]	0
【naver综合】21日上午T-ara因中国武汉行程经由仁川机场出国~	0
#小米2015新品发布会#，倒计时3天！反正我看到新品的第一反应是：_________，简直没天理！	0
821退房！消费13盒安全套！笑的停不下来[哈哈][哈哈]#今日最鲜# http://t.cn/Rw8EI2Y	0
想次麻辣香锅！！！！！！！做法,在最后一张~~	0
好想次！好想次！！14种土豆的花式新吃法，慢镜头下看着真是食欲大开！！！土豆控简直不能忍~ ~http://t.cn/RUNNGlc	0
双十一买的羽绒背心到货了，说好的M码呢？！但妞妞穿竟然挺好看的， 我也只能#凡事哈哈#了，生不如狗啊！[拜拜]	0
世界大神合集！！ http://t.cn/RUJgsAZ	0
#乐享时光#猫大仙的唯一天敌——黄瓜[笑cry][笑cry][笑cry]http://t.cn/RUEyxpX	0
在熟人面前才华横溢，在陌生人面前像个傻逼。	0
#我的床上读物#【为什么前男友们一开始都很喜欢，过一段时间后就不上心了腻了？】爱从来都是相互的，只有索取，终会枯竭。[心]	0
每一天都想放弃，但每一天又都坚持下来了。没有伞的孩子，要努力奔跑。	0
日本盖浇饭	0
瞧这一家子。。。 http://t.cn/RUntnUq	0
“那些我想对你说的话 如果你能知道 该有多好”	0
【马云在斯坦福大学的演讲】让你见识见识，什么叫：三流长相，二流英语，一流口才！！很精彩的演讲，时间较长，先马再看！！ http://t.cn/RyVMik8	0
高手在民间！666666[doge]http://t.cn/RUm8dZ2	0
140㎡时尚美式公寓，小资族的最爱~	0
"【""最任性村主任""被停职立案调查】19日，从城固县莲花街办获悉，马某因违反党纪已被停职，街办纪委已启动立案程序，进行立案调查。专家表示，党员应主动遵纪守法，不能以人情关系面子来规避制度。"	0
[色][色]明天的早餐就他了！操作简单，里面的酱和肉可以按喜好做成不同口味，爱芝士的你要不要试试？	0
吃貨的開工～從午餐開始。	0
世界上最可笑的事情是，我知道了真相，你却还在说谎，还说的那么真，那么深。	0
在被问到“第一顿转基因三文鱼，你准备怎么吃”时，艾莉森表示：绝对是抹上照烧酱烤！嘛，本AI觉得还是刺身好吃，蘸酱油，wasabi[馋嘴]	0
给大猫做一个猫桥，可人家好像不怎么满意呢[喵喵]	0
「向日葵晚上在干嘛，跟着月亮吗？」哈哈哈哈哈好萌的问题(*＾-＾*)追了一天的日，难道不是应该睡觉休息吗，来感受一下网友们的脑洞。	0
的士高动起来动次大次动次大次，让我们拍的更好，论拍照的角度与设备…[偷笑][偷笑][偷笑][笑cry][笑cry][笑cry]发完这条微博后我就跑到澳洲先休息几天…[doge]不要找我！	0
得不到回报的付出，要懂得适可而止。否则，打扰了别人伤了自己。	0
马里首都的一家豪华酒店刚刚遭到了一批枪手的袭击... 几名喊着圣战口号的枪手现在劫持了宾馆里的170名人质... 正在与警方对抗中....	0
【锅塌豆腐】超简单美味低脂锅塌豆腐[哈哈]（@达叔食堂）	0
“治的了你脾气的是你爱的人，受的了你脾气的是爱你的人。”	0
羊水破了，忍着3分钟一次的产前阵痛…… 这妹纸还去考了一门试....... 你们感受下什么叫真。学霸。。。。。。（英国那些事儿）	0
我希望你毕业后，先去你想去的地方，再去你该去的地方。我希望你能在最好的时光里，做最心甘情愿的事。——尹文思《因为有梦 所以远方》	0
真正的放弃大概是，她不会删掉你QQ，更不会删掉你留言，也不会把你的电话拉入黑名单。。。。。	0
我赌一万个土豆，那一定是个土豆！	0
一组经典视觉欺骗图片，看来眼见不一定为实啊(=ﾟДﾟ=)	0
#第52届韩国电影大钟奖# 最佳作品赏——<国际市场>！由中国演员孙红雷和高圆圆为作品颁奖！	0
【Naver Blog】哈哈哈哈大笑的朴灿烈！~biongbiong[阳光][阳光]	0
没有整洁的外表，根本没人会去在意你美好的内心，这就是现实。	0
【晚间一乐】这衣服哪卖啊[笑cry]	0
加拿大几个孩子，给了流浪汉们一份特殊的礼物	0
#瓜皮# #萌萌# 今天在外面浪了一天～回家抱抱～(っ´ω`c)	0
给与死神搏斗的医生点赞	0
日本爱知县的暖家ダイニング居酒屋推出的七龙珠火锅，龙珠是由鸡和猪炖出来的胶原蛋白，对皮肤想当的好，感觉上菜后就能召唤神龙许愿了！	0
“剩饭的逆袭”4 招让你的米饭剩者为王 http://t.cn/RUl4px9	0
间歇性神经病发作的汪星人真是一种奇葩的存在，怪不得喵星人喜欢欺负他们……	0
这是我见过最棒的视频，彻底被触动了！人生中有太多不必要的缠累，需要断然剪去，才能重生！http://t.cn/RUGXybn	0
“我羡慕所有人，因为我不是他们。由于在一切不可能中，这是最不可能的事情，也成为我日日企盼之事，我为之每时每刻伤心绝望。”（BY费尔南多·佩索阿）晚安，各位。	0
洗一个澡，看一朵花，吃一顿饭，假使你觉得快活，并非全因为澡洗得干净，花开得好，或者菜合你口味，主要因为你心上没有挂碍。——钱钟书	0
【故宫赏雪】落尽琼花天不惜，封他梅蕊玉无香。今日是小雪节气，又恰逢天降瑞雪。红墙碧瓦的故宫中，也是倾耳无希声，在目皓已洁了。（摄影：@_豆桑）	0
别惹我，我会分身[哈哈][哈哈][哈哈]http://t.cn/R47WBkN	0
#快讯# 【总装备部通用装备保障部原部长李明泉被查】中国军网消息，日前，军事检察机关对总装备部通用装备保障部原部长李明泉涉嫌违法犯罪问题进行立案侦查。	0
#热门跟贴#博大精深的汉字——来！	0
2015年要过去了	0
2015马上过完。。。你收获了什么？[doge]	0
【有一群脑洞大开的设计师是种怎样的体验？】今天，@故宫淘宝 放出一组图：请您欣赏我宫非典型雕塑文物…[微笑]戳图↓莫名其妙的戳中笑点有木有！！故宫你赢了哈哈哈…！[笑cry][笑cry][笑cry]	0
#生活经# 【在家自制美味的地三鲜[馋嘴]】地三鲜，最最最普通的家常食材，但做出来的味道绝对不比肉菜差，而且超级下饭！[太开心]（转自网络） 转给TA ，做起来~！[推荐]	0
#2016放假安排公布#【转存！元旦、春节，这样放假】①元旦：1月1日放假，与周末连休。②春节：2月7日至13日放假调休，共7天。2月6日（星期六）、2月14日（星期日）上班。	0
如果不知道受的伤是不是“小事”，那么请找专业人士（医生）询问，千万别因为不知道自己不知道而丧命。	0
【听哭了~[泪]】刘若英北京演唱会现场，粉丝大合唱，“后来，终于在眼泪中明白，有些人一旦错过就不在”，现在听来竟是另一番感触[泪流满面]http://t.cn/RUeKIne	0
主人突发疾病身亡把器官捐赠给了别人，狗狗却一眼就认出来。泪奔了……[泪]http://t.cn/Rysyoge	0
如果有这样一只猫咪，也想偶尔生生小病呢[害羞]	0
新浪直击来京表演的朝鲜“女团”，佳丽云集啊~快戳现场视频看看↓↓	0
【冷吗？冷！怕吗？不怕！】冬训！这些震撼图片的背后，是年轻战士们保家卫国的决心和顽强拼搏的勇气！传递！让更多人看到战士们的血性和不畏强敌的底气！[威武]http://t.cn/R4zxKFv	0
《扒栗史》最新一期来啦~原来，袁世凯称帝的原因真的不是那么简单……[偷乐]	0
#乐享时光#鸟叔最新单曲《 Daddy 》MV，一如既往地热烈、奔放、有趣。 又有新舞蹈可以学了[鼓掌]周刊君“骑马舞”还没学会呢[挖鼻]http://t.cn/RUkfAwj	0
很酷啊~[群体围观]	0
我一直渴望的，是这么单纯快乐的爱情啊！神经病系列。#午间配饭#	0
#轻松一刻# 为什么你养的鱼总死，看到真相的我眼泪掉下来……[笑cry][笑cry][笑cry]	0
好漂亮的鹦鹉，难怪这么傲慢[doge]http://t.cn/R4zPseE	0
先看视频，大家自己评判吧↓↓↓	0
造孽啊。//@果壳自然控: 流下了泪水。	0
#下午茶#好久不见，皮卡丘，你还好吗？[心]	0
【林森浩已被执行死刑】复旦投毒案凶手林森浩被执行死刑。2013年4月，复旦大学研究生林森浩在饮水机内投毒，致室友黄洋中毒身亡。（新华社）http://t.cn/R4zOtH5	0
【林森浩临刑前专访】央视正播放“林森浩被执行死刑前专访”，视频直播间：http://t.cn/R4zO1uE	0
两个家庭的悲剧	0
夜深了，老板不会再找你了，有什么心酸的过往，跟本AI说说吧。	0
#下午茶#看完这9句话，有如醍醐灌顶[微笑]。	0
#夜视点#被翻译成28国语言的哲理短片《死后的四十种生活》，把一生的日常拆开，每件事在生命中到底占多大比重？一生中竟然只有十四分钟纯粹的快乐的…[失望]http://t.cn/R47L1lo	0
姑娘，你这身手。。。。也就这配乐能搭上了[doge]http://t.cn/R4PY7Qy	0
人生中这8种情况下你的样子[酷]，看完第一张就有了看下去的信心[笑cry][笑cry]	0
#生活经#9种果皮，吃完别扔哦！[酷] 超实用，转发收藏吧！	0
这年头没个英语专八的水平 你都不好意思出来当乞丐···[doge]http://t.cn/RUeM1kW	0
#映像#死生契阔，与子成说。执子之手，与子偕老。——《诗经·邶风·击鼓》[心]说说诗经中，你最爱哪一句？	0
【照片背后的故事】一个美国80后摄影师，失业后每天在纽约街头拉着陌生人拍照，配上一段对方的话。最简单不过的语言，却往往能在瞬间击中人心.....（转）	0
卖超跑的业内人士：修车费用至少几百万…	0
#轻松一刻#科比生涯绝杀集锦！一个绝杀集锦可以做到十五分钟的男人，就算不喜欢，也不能否认他的伟大与传奇！[心]http://t.cn/RyKJSn3	0
#涨姿势#【闭窗停车开空调 可能会致命！】 进入冬季，人们在停车等人或者休息时喜欢打开空调，然后关紧车窗睡觉。戳图↓↓用实验告诉大家，这样睡觉的话，有可能让你再也醒不来。转发提醒身边的朋友！	0
#映像#【“被发射了”的北京著名建筑[笑cry]】浓浓雾霾，北京这些地标都消失了…via.头条新闻 小编想起一句歌词，他们都老了吧，他们在哪里呀……[doge]看了这些图，你想唱起哪首歌？	0
[衰][衰][衰]	0
等风来~	0
【喜欢上一个不可能在一起的人是什么感觉[伤心]】“有种报应来了的感觉”、“在飞机场等一艘船，在船上等一辆车。在白天渴望星星，夜晚妄想日光“……#有意思# http://t.cn/RUDcNgI	0
【英媒发布北京雾霾晴天对比照:反差巨大】英国《卫报》12月8日发布了一组北京被雾霾笼罩时和天色晴朗时的对比照片，反差巨大。（国际在线）	0
如何变得会聊天？20个令人茅塞顿开的简短回答[doge]，人生豁然开朗[哆啦A梦微笑]#有意思#	0
[汗]	0
#万象#【北京雾霾长这样】新一轮空气重污染来袭，国外媒体发布了北京雾霾和晴天的对比图。详见：http://t.cn/R4hhZPg	0
不要给宝宝买太复杂的玩具，他们理解不了[笑cry][笑cry][笑cry]http://t.cn/R4vNrGi	0
韩媒报道，中韩自贸协定12月20日正式生效	0
少吃一口能饿死你们是不是[微笑]	0
收到第一波日历的旁友，你们生日那天是啥吃的？啥，香菜？出门左转找日历娘[微笑]【第二波预售请戳：http://t.cn/R4vm4l8	0
#下午茶#There is nothing you can not achieve！为人类的潜能赞叹[威武]！http://t.cn/RUrk6Ty	0
华西都市报记者9日从林森浩家人处获悉，林森浩的死刑复核已出结果，最高法已下发核准林森浩死刑的裁定书。	0
当懒癌晚期患者遇到冬天[doge]，还真是不好过呢~~下面15款过冬神器赶快收好，拯救又懒又怕冷的你[得意地笑]~~#大人的玩具#	0
一看就妹好好看教程[挖鼻]再给你们一次回答的机会[doge]//@BASS1-：彭于晏哪儿没戴对？[疑问]	0
连马都会卖萌[doge]，这年头不会卖萌难立足……[笑cry][笑cry][笑cry]	0
不用酸奶机自制酸奶，试试[抱抱]！爱吃酸奶的小伙伴速速收藏[江南style][江南style]（转）	0
一定要这样子欺负一只单身狗吗？！[doge]心疼[伤心]	0
这个游戏一定要和体重相近的人玩，不然……看了十几遍。。。[笑cry]	0
摄艺术家创意作画全过程，最后惊呆了，赞[赞][赞][赞]http://t.cn/R20IHmR	0
别盯着羊肠啦，你们现在有更弹、更方便、更卫生的橡胶套套可以用。怎么做的？看这里→_→http://t.cn/hqkSxx	0
#夜猫子时间#一杯心满意足的咖啡[哈哈]	0
#晚安中国#是等待的人更痛苦呢，还是让人等待的人更痛苦呢。无论怎样，我已无需等待了，这才是最痛苦的事。——太宰治	0
#早安中国#我生命里最大的突破之一，就是我不再为别人对我的看法而担忧。此后，我真的能自由地去做我认为对自己最好的事。只有在我们不需要外来的赞许时，才会变得自由。	0
越来越多的人使用WPS，今天就来说一下，WPS的那些神技巧！（黑客师）	0
#乐享时光#这些喵星人完美的概括了人生中各个时刻的你.......是我[喵喵]	0
#下午茶#为什么你总是不愿意主动联系别人？	0
偶是一只nice puppy，求包养，求关注，求粉丝！[可怜]	0
早餐。不许联想，以免跨省。	0
Burberry，LV and Gucci	0
人们更容易对自己亲近的人发火，而不是他们讨厌的人。所谓亲近的人，就是大部分时间和他们在一起的人，这说明我们发火往往是因为我们对自己亲近的人有更多期望，或者说，想从他们那里得到更多东西，比如爱。	0
懂得沙士比亞的計程車司機	0
落后装备	0
在iPad 2发售几小时后，国外玩家就已经对它进行了拆解。想了解如此轻薄的机身如何容纳下这么多器件，请看iPad 2拆解图集   http://sinaurl.cn/htLUzF	0
要说情话，此句最好：有人问我你到底是哪里好，这么多年我还忘不了，春风再美也比不上你的笑，没见过你的人不会明了……李宗盛。	0
#跟我学洗手#小花喵带着偶们家滴kitty小宝来参加啦[兔子] 偶们滴口号是:勤洗手讲卫生,健康快乐我做主 http://t.cn/h1B7nK @滴露官方微博	0
各大浏览器的崛起(和消亡)。@月光博客	0
眼神好美~~~~~~~~~~3俗了没》？？？？	0
太恐怖了吧，但愿只是明星的自我炒作！http://t.cn/hryisl	0
小薇老师说，作为一个男人，你不抽烟不喝酒也就算了，要是还不好色那活着还有什么意义…	0
当你接近23岁，就耐心的看一下！无论工作还是爱情，会让你成熟许多~~[耶]	0
巴黎慵懒的午后，羡慕S人了！！还对着电脑在上班的人伤不起啊！！！	0
杰克逊看了这个视频 从坟墓里爬出来哭了…… http://t.cn/bHTNv	0
『热预告』最新猫猫电影《我和你》电影预告片！看了15秒就被那只萌猫秒杀了，太太太可爱鸟！坂本真绫在本片中参与献声哦!5月14日日本上映！http://t.cn/hrYWD8	0
C-walk - I love the rain- Claude Kelly，刚开始了解这种舞步，好美，歌也很好听哦！ http://t.cn/5yyTy	0
在这个高贵的国家里，菜贵伤民，菜贱伤农。是因为从农村到城里，一路路过了敌占区吗？	0
萨摩耶各种表情各种萌 。	0
有消息称，沈阳电视台5月将与辽宁广播电视台合并，又称，年底辽宁省7个城市台都将合并到省台。这是什么模式，是否未来会形成有专家建议的“七大区”？	0
现在的广告害死小学生 [衰]	0
酷！艾薇儿现场超强翻唱Ke$ha神曲TiK ToK！超爱这个编曲！ http://t.cn/htjA04	0
家长应陪孩子观看的100集BBC经典纪录片。	0
结局太温馨，爸爸的心都萌化（sui）了[笑cry][笑cry][笑cry]http://t.cn/RUs3kyG	0
【27部反派胜利的电影】谁说坏蛋必须死？推荐27部正不压邪的佳片，负能量满满地！但是好喜欢[嘻嘻]	0
这次四级考题究竟难不难？快亮出你的观点吧	0
#夜猫子时间#果粉做了iphone铃声的remix版，配合自己家的圣诞彩灯，太炫酷！http://t.cn/RUkswnu	0
RUN FOR LIFE!奔跑吧，为了希望，为了家庭，为了你自己，你会感受奔跑中的快感，为自己加油！关于奔跑最强大的一个剪辑[赞]。http://t.cn/RLVLY9j	0
【多一次转发，多一份希望】眼瞅着烂在树上的红枣越来越多，果农一筹莫展。如果您有好的销路，请拨打热线：临县红枣产业局工作人员，0358-4427339。满地的枣子是他们一年的汗水和希望，帮扩，转起！	0
#乐享时光#喵大王厉害[威武]，特效还可以这么玩[偷乐]http://t.cn/RUguPdM	0
#轻松一刻#不能更魔性！这喵绝对是二哈变的，哈哈哈的配乐也是没sei了！[哈哈] http://t.cn/R47BsmP	0
【看完明白了，英语也就那么回事】7天之后，就是四六级考试了，你复习得怎么样？有人说，英语也就那么回事，只要有耐心把这看完，英语肯定不会太差……[给力]转发，为四六级考试的最后冲刺加油！	0
各种动物偷食。。。还能不能更蠢萌[笑cry][笑cry][笑cry]	0
[蜡烛]	0
#下午茶#国外男歌手翻唱Adele热单《Hello》嗓音独特超，级走心，好听到心醉[心]！http://t.cn/RUq0yXk	0
#涨点姿势#3分钟，摄影大师Steve McCurry教你如何构图更专业。转需！http://t.cn/RLXFW8E	0
#轻松一刻#被雪人调戏是种什么体验。。。[笑cry][笑cry][笑cry]http://t.cn/R4LF2hb	0
#夜视点#【白岩松哈工大演讲：看书就是看自己】看书，是在书中寻找自己。有书在，永远踏实。http://t.cn/R4AQm5M	0
#夜猫子时间#一个短片，让你认识身边内向的人，也重新认识自己。http://t.cn/R422cq5	0
#涨点姿势#大部分人都不知道的披萨外卖盒正确的用法。get~[good]	0
#夜猫子时间#看出31个正方形的是人才，35个的天才，40个以上的是神了！	0
【迎战四六级，必过！[撒花]】今天，四六级开考！请再次检查：准考证、身份证、学生证、2B铅笔、黑色签字笔……带上实力，带上信心，带上笑容。为一次过，加油！[心]	0
#早安中国#在人的一生，有些细微之事，本身毫无意义可言，却具有极大的重要性。事过境迁之后，回顾其因果关系，却发现其影响之大，殊可惊人。——林语堂《京华烟云》	0
#新老词汇对照表# 这个总结我给100分[doge][doge][doge]	0
[doge]	0
每次和我妈逛街 看到我喜欢的东西时	0
【凉拌金针菇】简单的快手菜，清爽适口但又不失鲜美。喜欢吃的朋友们学起来~	0
#乐享时光#【熊猫宝宝自己出门逛，被妈妈发现后当场拽回家[可怜]】妈，众目睽睽的，都给人家拽劈叉了，让本国宝以后可咋混......[笑cry]http://t.cn/R4Afn09	0
#轻松一刻#瞧你们这能耐的，咋不上天呢~ [doge](转)	0
#涨姿势# 一大批表格的神技巧，绝对实用，包括手机号分段，给汉字标拼音，文字颠倒等！@技能大咖 收藏学习！	0
天啦噜，电饭煲竟然能做出这么多美味！http://t.cn/R4LY77r	0
除了产检，准妈妈自己也有一些工作要做：记录月经周期、同房时间、4个月之后自数胎动等等。听说朋友怀孕送点什么好？转发这条微博给她吧~	0
#下午茶#【最有意思的37个年度盘点】年度回击：看把你能的，你咋不上天呢？！年度暖心：@胡歌 ：所以，你同意我喜欢你了么[doge]这个#有意思#↓↓ http://t.cn/R4yrEub	0
你总以为带上耳机世界就是你的了~其实[笑cry][笑cry][笑cry]http://t.cn/RLA0j9w真的不忍心转给爱带着耳机唱歌的人啊[笑cry][笑cry][笑cry]	0
#夜猫子时间#陈奕迅演唱的《陪你度过漫长岁月》。愿你把独自孤单变成了勇敢，好听！http://t.cn/R470j3L	0
#视频#高手在民间，这大爷你给多少分？[doge]http://t.cn/RUnOZ85	0
【看了评论，心疼大家】图一北京，图二呼和浩特，图三西安，图四郑州。但评论中还有沈阳，济南，石家庄，淄博，青岛，杭州，成都，保定，吸烟室和澡堂子……[拜拜][拜拜][拜拜]	0
大家来猜猜这都是哪儿？[doge]	0
【今天，紫禁城的瑞雪[心]】片片互玲珑，飞扬玉漏终。白雪红墙，恍如隔世。(via@故宫博物院 )	0
爱只能遇见，无法预见。[心]	0
软炸里脊，脆香可口	0
这腿法，简直就是。。。。http://t.cn/RUHUAhb	0
哪部作品让人有「能写出这种东西的人真是了不起啊」的感觉？已有 10861 人关注：http://t.cn/RU3XDcZ（想看更多？下载知乎 App：http://t.cn/zHpKgdA ）	0
有些东西，并不是越浓越好，要恰到好处。深深的话我们浅浅地说，长长的路我们慢慢地走。	0
别老想着取悦别人，你越在乎别人，就越卑微。只有取悦自己，并让别人来取悦你，才会令你更有价值。一辈子不长，记住：对自己好点。#爱摄影爱旅游#	0
男孩这样跳不能忍，教练在哪里我要学 http://t.cn/RUCueip	0
我会渐渐和你保持距离，直到和你再也没有关系。	0
雪花绽放的瞬间，太美了[雪][雪][雪]	0
你说要懂我 那么你来仔细看看 把我揉碎了看 骨头是贪婪 毛孔是笨拙 血液是卑微 肉身是盲目 还有五脏六腑的不甘心和占有欲 每一寸每一分 都是不好的 但你把它们合起来 合成一个我 你再看 是爱你的	0
许久不联系的人，不用再联系。各自辛苦，各自生活，也再无交集，该停留在过去的，就让它停留在过去。如果有缘，会再见。若无缘，不如不见。就是这样。	0
好好吃饭，好好睡觉，好好挣钱，好好花钱。不为不值得的人生气，不为不值得的事失眠。既然活着就好好活着，每分钟都为自己活着。	0
名字真是门学问,下载一堆姓名学app,买了些姓名五行书,希望他们中文名或英文名能有关联性,看来我要好好开始研究了[思考] 你有什么好建议呢?	0
这群鸭子好励志啊，感觉最后一只上去的时候眼泪都出来了！[爱你] http://t.cn/RU361dF .	0
【2015年9部韩国犯罪与动作电影】今年韩国上映的9部犯罪与动作电影，换口味的绝佳之选。	0
网友爆笑恶搞版《舌尖上的中国真TM2》http://t.cn/RykcebH	0
我们之所以看不见黑暗，是因为有人正竭尽全力，把黑暗挡在我们看不见的地方。希望我们的世界和平！[心][心][心]cr:王尼玛http://t.cn/RUm8kq2	0
看到一段话：“每一个新朋友，身上都有那么一处能让我们想起已经远离的老朋友，可能是声音可能是性格。或许啊，那些曾经离开我们的人都在用不同的方式回到我们身边。”	0
“不需要隐瞒任何人，我还爱着你，只不过少了非要在一起的执着，也许再过一段时间，我仅仅只是想你了。”	0
最适合做手机铃声的80首歌。童鞋们赶紧收啦！	0
能力不足却野心太大，还在意太多的人，必然过得很烦恼。	0
真心相爱的两个人，不会输给外貌距离，不会输给身高年龄，不会输给前任小三，不会输给别人的流言蜚语 ，不会输给父母的反对，只会输给不珍惜，败给不努力，不信任。	0
#开发大脑潜能#图中的问号应该填什么？	0
《一首发生在海边的诗》（我现在出门都带个本，随时接灵感，一不小心就创作了）	0
王俊凯晒多张自拍照，精致侧颜获赞。照片中，他身穿黑色羽绒服，刘海梳的整齐，瞪大的双向镜头放电，有网友调侃道：“又可以换屏保了”，但是又有网友调侃道。。。。。#大叔神吐槽#	0
不一定每天都很好，但每天都会有些小美好在等你。早安	0
我操吓死爸爸了 居然还有这种店！[拜拜]	0
【早安】知无不言，也不一定都是率真，或许还是因为情商不够。能把嘴边的话咽下去，也是一种练达。@思想聚焦	0
韩红弹唱版Bigbang的《If you》，用心唱歌的人最有魅力，好听！[爱你]http://t.cn/RU3ir3c	0
今天腿长一米九	0
不忍直视！	0
当几个残疾小孩唱出：“以后我会英俊吗？会富有吗？妈妈说，世事不可强求，一切順其自然吧。”很震撼，泪奔！最后二十几秒的歌声空白，让人遐想联翩~ ~http://t.cn/RyBKskI	0
【此刻 紫禁城的瑞雪[心]】片片互玲珑，飞扬玉漏终。白雪红墙，恍如隔世。(via.故宫博物院)	0
【美翻了！陕西4000年古银杏落叶似黄金毯[带感]】据央视，初冬时节，陕西汉中，留坝县玉皇庙镇，4000年的银杏树下，金黄的银杏叶飘落一地，美得震撼！	0
最近英国南安普顿大学的一个妹纸在图书馆里被一个小哥搭了个讪... 结果火了.... 主要是这搭讪的方式.... 创意简直满分[酷]网友：首先，你得在读书[偷笑]（英国那些事儿）	0
有一种脆弱的感情叫“我爸妈不同意。”	0
时间给我们的不是机遇，而是选择，若是不懂选择，拥有再多也是浪费。	0
天冷了，要多煲些汤喝，这里有30道汤做法，收藏学做几款吧关^注我学做菜，谢谢!#美食菜谱大全#	0
最多人追的星座排行，你排第几……	0
小男孩做错事被麻麻训斥，强忍着眼泪，默默承担着男人的忧伤与哀愁… http://t.cn/RyH5Uqq	0
凡事不必苛求，来了就来了；凡事不必计较，过了就过了；遇事不要皱眉，笑了就笑了；结果不要强求，做了就对了；生活就是一种简单，心静了就平和了。转	0
奶爸不好易当，双胞胎的更不容易！[嘻嘻] http://t.cn/RUniSpk	0
让我先笑一下。 http://t.cn/RUtoRk7	0
中国的大爷牛逼 http://t.cn/RLz3x7G	0
树懒看见喵星人之後就一直摸摸它，不让喵星人离开，BGM好魔性喔[doge]。。。喵“我选择狗带” (´Ａ｀。)http://t.cn/Ry0rxKc	0
台湾一个街头艺人在唱《江南》，没想到，原唱林俊杰来了。。。[转发]http://t.cn/RUmnhtH	0
雪夜围炉读禁书	0
#视界# 😂😂🐶：主人的数学肯定是体育老师教的…… 口水都流出来了。http://t.cn/RU3IDx2（使用#秒拍#录制）	0
你别不要我，我不会自己回家。 ——你对我的好，我会记得一辈子、对我的坏，我下一秒就会忘记、这样，你会不会永远爱我，就像我爱你一样!	0
那些年，我们追过的程又青李大仁... [可怜] http://t.cn/RU3MEuW	0
清晨想到的第一个人和夜晚想到的最后一个人，不是让你幸福的人，就是让你痛苦的人。	0
教你如何花式穿鞋带，会玩~ http://t.cn/RLsV3Vz	0
爱抹茶的小伙伴举个手	0
被消防员救出的猫，眼神已说明了一切 [心]	0
写给自己的9句话~	0
不管你是不是只身一人，只要有空位，在姆明主题咖啡馆就会有姆明一族大小成员坐在你身旁或对面陪你一同用餐~[色][色][色]啦啦啦啦啦啦啦~心情也会变美腻~[xkl转圈][xkl转圈][xkl转圈]	0
8款超快手凉菜，美味又开胃~[花心]	0
［人权事务］九名朝鲜人近日在越南被捕并随后被转移至中国。@联合国人权高专办 对此表示警觉，担心他们或许已经被遣返回国，并可能面对极为严重的人权侵犯风险。http://t.cn/RU36vwr	0
看清一个人又何必去揭穿，讨厌一个人又何必去翻脸。活着，总有看不惯的人，就如别人看不惯我们。	0
铲屎的还在厕所呢，我得赶紧的给他送纸[喵喵]	0
网友家的猫妈妈正在生产，猫爸爸在生产过程中守护着妈妈，从头到尾都一脸担心的守护着麻麻，好幸福的一家子啊！	0
GIF - 萌die！！[j挂了] 超可愛超可愛啊啊啊 他側身講解時候粉紅粉紅的飽滿嘴唇啊啊啊啊啊啊啊啊	0
当你学会放弃 你才可以承受一切的失望和谎言 我什么都可以不要了 你还能拿我怎样	0
你遇到最文艺的一句话是什么[心]	0
爱的代价～	0
妹纸，你这么逗比，现在还好吧？！http://t.cn/Ry7FGPv	0
彩排结束。明天，一个不一样的发布会#小米2015新品发布会#	0
当面试官问「你有什么要问我的吗」时，应该问什么？	0
#责任初心#感谢你为尘肺农民做出的一切，11年来，善良勇敢的你们是企责论坛上最美的星光[心]不忘初心，方得始终，觉得@袁立 才是真正美人儿的点个赞[good]	0
来一个萌萌的午安。更多请戳：http://t.cn/RUdGedI	0
#轻松一刻#下雪天，干脆面要出门：走一步啊呀滑啦~又一步啊呀又滑啦~[偷笑]	0
#夜猫子时间#怎样构建强大的自己，共勉。	0
#国考加油#【转发，为他们加油！[心]】今天，国家公务员考试如期而至。一场考试，不足以决定命运，但一次机遇，却值得全力以赴。调整心态奋力一搏吧！转发艾特@ 你身边的考生，为他们祝福、加油！[奥特曼]	0
冬天本宝宝不想起床[doge]via.网络	0
#乐享时光#大叔内心肯定是崩溃的，原谅我不厚道地笑了[哈哈][哈哈][哈哈]http://t.cn/RUrpEfn	0
《当我唱起这首歌》配上这部MV，眼泪不听话了......[悲伤]http://t.cn/R2ImbfS	0
#下午茶#孩子心中的英雄梦！嗯嗯，就是酱滴[兔子] 图 | Jason Ratliff	0
周末就快结束了，不看个电影吗？戳图↓足够看一整年的电影片单！[推荐]转发收藏！[good][good]（转）	0
我哆啦A梦表示看不懂[哆啦A梦吃惊]，一定吓坏台下的宝宝们了[笑cry][笑cry]……	0
没错。不过……以金星的环境，不知道宇航员能不能坚持到救援那一刻[doge]//@MostTui的小号：金星救援就该找毛子出场了	0
你最喜欢的超级英雄是哪一个？	0
#下午茶#为什么说「以貌取人」是有道理的？[微风]（思想聚焦）	0
北京PM2.5已爆表，其他地区的小伙伴们你们还好吗？[拜拜]	0
拯救剩饺子皮的高能食谱！炫酷技能必须get~http://t.cn/Rykmt3t	0
分享一群心机汪，这都是谁教的[doge]？说好的忠厚老实呢？[笑cry]	0
什么时候才能停止杀戮？[泪][泪][泪]	0
倒着放的谁不知道[doge]，但还是好可爱[兔子]，看了10遍终于停下来了[抱抱]。	0
【哎，又爆表了！[衰]】北京、天津、西安、济南、呼和浩特.....雾霾+重污染，你们那里还好吗？[衰][衰]	0
兄弟，你这样玩可就没朋友了！[嘻嘻] http://t.cn/Ry2z6hV	0
有些压力总是 得自己扛过去，说出来就成了充满 负能量的抱怨。寻求安慰 也无济于事，还徒增了 别人的烦恼。而当你 独自走过艰难险阻，一定会感激 当初一声不吭咬牙坚持着的自己。	0
此刻当你陷入黑暗的绝境，才懂光明多遥不可及。 by @何洁	0
Cate Blanchett┃《Vogue》澳大利亚版，2015十二月刊封面及内页大片.......[xkl转圈][xkl转圈][xkl转圈]	0
你上一次哭是什么时候？	0
【故宫的雪，每次都忍不住转发[鼓掌]】这组照片，让你想起了谁？让你想起了哪个故事？[雪]@故宫博物院	0
不管雨下了多久，雨后都将会有彩虹，不管你有多悲伤，要坚信，幸福在等你！	0
【胎儿1—40周的发育】整整40周，生命这种东西实在是太强大了！！！[爱你]	0
职场中，哪些习惯、行为或者说小动作会给人减分？已有 12072 人关注：http://t.cn/R2bADeK（想看更多？下载知乎 App：http://t.cn/zHpKgdA ）	0
30岁以下人最难抗拒的9大美食。[拜拜]	0
今天上午十时许，东京靖国神社厕所内发生爆炸，内壁被烧焦。火势已被扑灭，现场被封锁，警方正在调查是否遭到恐怖袭击...真·粪池炸了[笑cry]	0
当有负面情绪的时候，不要说，管好自己的嘴，有时候做哑巴，是一种境界。	0
当听到主人要抛弃它时，它忍不住想哭了。。。戏太足[笑cry] http://t.cn/RyQUf5F	0
看了这个，其他什么大摆锤都弱爆了！[doge] http://t.cn/RyHBl04	0
【午间分享】自己开心就好[笑cry]	0
有没有这样一个人， 无论多么想念， 却不曾再见面。	0
有些女孩子，雪球扔的比他么男孩子还远	0
9步可得蓝胖子一只，拿走不谢[哆啦A梦花心][伴我同行]	0
大西洋海神海蛞蝓（学名：Glaucus atlanticus），也叫“蓝龙”或“蓑海牛”，是一种蓝色、小型的远洋翼蓑海蛞蝓。简直！超！好！看！啊！	0
对于经常说你胖的人,就该这么干 http://t.cn/RyKbduc	0
你有什么道理后悔没有早点知道？	0
红隼(common kestrel)曾有过一个无比霸气的名字：windfucker [doge]	0
#北京连续降雪4天#【居庸关，雪国列车[羞嗒嗒]】今天上午在居庸关长城，昨日的大雪已将群山覆盖，雪后的山里一片寂静，长城化为一条“银蛇”。当列车通过时，市民纷纷按下快门留下美景。京华时报记者 潘之望	0
别因为寂寞而错爱，别因为错爱而寂寞一生	0
【NATE】被最后一笑秒到#KAI#	0
女生第一次赴天堂的故事，是不是找到了你们的影子呢[doge]还没有过的妹纸也来感受下~#花式虐狗#	0
美好的爱情就是一个臭不要脸一个假装矜持，千万不要等到臭不要脸的那个走了，假装矜持的那个才哭了。	0
【naver综合】23日金秀贤出席在首尔三成洞往十里CGV举行的电影#桃李花歌#VIP试映会.	0
脸的进化过程	0
#爆料头条# 别看了，看多了肚子会怀孕[doge]http://t.cn/RL21pIy	0
蓝脚鲣鸟,学名Sula nebouxii,又叫结巴鸟，是一种大型的热带海鸟。它们从不怕人,所以很容易被抓住,因此得到了“笨鸟”的外号。 哈哈哈蓝色的靴子好美哦[哈哈]	0
[1][1][2][1] #陈伟霆# http://t.cn/RU1tZcz	0
当红楼梦变成英国贵族风[笑cry]	0
我们总是像智者一样去劝慰别人，却像傻子一样折磨自己，很多时候，跟自己过不去的是自己。	0
二三流大学的毕业生如何突破企业名校毕业限制条件，获得公平的竞争条件？#大神推荐#	0
你可能不知道，我喜欢你的时候，你骂我我也会喜欢你，就算你不理我，我还是忍不住会主动理你，可如果有一天你一不小心浪费完这些感情，你做得再怎么好，我都不会再心动了。	0
你吃的蔓越莓、蓝莓、树莓、山莓、黑莓，都是什么“莓”？来看@飞雪之灵 的帖子：http://t.cn/zONEyhS	0
女人买东西的思路，你同意么？[呵呵] by痞人日记	0
【[话筒]塑料瓶底部的秘密】塑料瓶经常用，但你知道塑料瓶底的数字代表的含义吗？为了你的健康请看完全文，并转给我们的亲朋好友。（转）	0
#涨姿势#教你一秒辨别好户型，看房、买房其实可以很容易~[酷]	0
【看100遍都不会厌恶的27部电影】片荒的不妨看看！by电影工厂	0
关于速度与激情7，一些话无端戳中泪点。最感动的一句话是：谨以此片献给保罗。怀念的不是速度与激情，怀念的是出生入死的感情。[心] （转）	0
转发微博	0
生活都不易。看图一大妈表情，“八戒”生意应该不错~	0
#下午茶# 做人最好状态是懂得尊重，不管他人闲事，也不晒自己优越，越成长越懂得内敛自持。活着不是只为讨他人喜欢，没人在乎，更多人只是在看热闹。你变得优秀,你身边的环境自然会发生变化。	0
“Enigma”	0
你听说过“破坏中巴友谊罪”吗？一张图了解中巴到底有多“铁”↓[鼓掌] @人民日报	0
这一届的教完了，下一届咋办？[拜拜]	0
不要被料理看似普通的名字所迷惑！未满18岁的未成年人请把家长赶走后再观看链接内具体教程[doge]	0
如果你能拥有下面一个技能，你会选哪一个______？（转）	0
厄尔尼诺是指赤道中东太平洋海温异常增温现象。跟人体感冒发烧一样，大海“发烧”也会造成各种不适，因此需要通过海洋与大气之间的能量交换来改变大气环流和温度分布，“治疗”的过程必然造成气候出现一定的异常。	0
Great presence of your holiness. Amen.	0
永远做自己的超人！——给星期一努力工作的你加油！	0
我承认我是小气鬼 我不愿看到任何你对别人的好 我真的好想知道 在你的世界里 我到底有多重要	0
哈哈哈哈哈哈哈哈，笑屎了。。。[笑cry][笑cry][笑cry]http://t.cn/RUNQjE3	0
有一种心情叫：突然想去看海~ [心]	0
这就是勾股定理，真实神一般的解释！！	0
王祖蓝女儿，王祖蓝儿子，王祖蓝姐姐，王祖蓝！完美~	0
【工信部公布了截至2015年第三季度数据 ①移动电话用户近13亿户 ②4G达到3.02亿户】还有整整十亿用户没有升级到4G，双11买手机特别合算，跑步进入4G时代！[爱你]	0
奇迹的另一个名字，叫做努力……人生最大的敌人是怯懦，不敢闯荡，习惯于懒惰、拖延~~ 愿五年后你，不会讨厌现在的你。[good]	0
很喜欢宫崎骏说的一句话，“你住的城市下雨了，很想问你有没有带伞。可是我忍住了，因为我怕你说没带，而我又无能为力，就像是我爱你，却给不到你想要的陪伴。”	0
我们的痛苦来自于看不透、舍不得、输不起、放不下。	0
#涨点姿势# 中医点评各种水果，吃水果也有门道！果断收藏~	0
节前准备	0
听说《越南套餐流量用完上网不收费》，易友们表示不服.....http://t.cn/RAOmu8S	0
自拍杆为何会被“发明”两次？	0
穿上道具就算COSPLAY了？NO！外媒KOTAKU评选了2013年最好的游戏COSPLAY。不得不承认，种族天赋这种东西你是很难超越的。	0
人生三大遗憾：不会选择；不坚持选择；不断地选择。 {图文 转录}	0
这么一对比反差更强烈，有了眼线一下从不谙世事的纯净好骚年变成惹不起的大哥大，这种反转魅力可不是人人都有的，好想在文里给他配个这样的人设_(:з」∠)_ 大半夜我又脑洞开了别理我……	0
#CCTV音乐电视微直播<光荣绽放>##尚雯婕# 无论她的造型还是音乐方向,都在为华语歌坛注入新的流行元素,她正为《最终信仰》踏歌而来!愿做她身边的一颗小星星，一直在她身边，带给她一丝微光。	0
喵星人你这么萌，你自己知道吗？	0
今天整理旧书旧报，发现了小学时代的回忆~真是老泪纵横啊哈哈哈！！这俩东西，有人买过吗...?	0
一张很残忍的图：要伤多少人的心，又要被多少人伤，才能走到这一步...../net	0
#美老师麻辣谈# 当我讨厌一个人的时候，如果这个人突然说喜欢我，那我就一点也不讨厌对方了。就是这么有原则，无法讨厌一个有眼光的人……（转）	0
【GIF】三兄妹wink来袭！！！[挤眼]有木有被电到！！！[抓狂]（已电晕）俊儿---标准男神wink，彬儿---霸气女王wink，律儿---忙内萌爆wink！！！	0
【VIP看看】‘Fantastic Babys’ 2012 VIP 日本写真～～他们永远在逗VIP们开心	0
投票：亚洲男神 http://t.cn/8FIvV05 。电脑每半小时可以投票一次；或断网再次连接网络后即可再投。目前世勋的票数不是十分理想，有时间的勋饭们可以动动鼠标^^带张图引起注意~	0
#娱闻播报# 今天下午，@那英 来成都IFS为某品牌出席活动。高清组图来咯，粉丝们快收走吧~~记者 刘畅 摄影报道	0
八种不同的奶油蛋糕挤花，赶紧收走找个时间试试吧！[鼓掌] by实用小百科	0
男人对女人的伤害，不一定是他爱上了别人，而是在她有所期待的时候让她失望，在她脆弱的时候没有给她应有的安慰....	0
【中国人说英语为什么听起来没有礼貌？】老外们时常议论，很多中国人在说英语时，听起来没有礼貌；并不是这些中国人本身没礼貌，而是他们还没有习惯英语的礼貌表达方式……「转」	0
人民网：失联航班或有乘客冒充他人混上飞机。详见新闻截图	0
#轻松一刻#腹黑动物锦集，不厚道地笑了[阴险]	0
#乐享时光# 现在科学家都这么闲了吗?谢谢你告诉我这么重要的结论啊！（转）	0
[拜拜][最右]//@广西师大14计本二班: [拜拜]非诚勿扰的妹子只能灭掉一个男生的灯，宿管阿姨可是能灭了一栋楼男生的灯的女人啊	0
#涨点姿势# “千古第一才女”李清照诗词六十首~ 收下学习[心]。via古风卷	0
#涨姿势#榴莲，也许你都不知道榴莲是如何生长的，没见过榴莲花是多么娇艳动人。@好奇博士	0
#涨点姿势# 推荐一个极好的教程：教你如何玩转6面魔方。虽然第一张图我就没有看懂……[拜拜] （转）	0
【独家组图：巴基斯坦枭龙战机编队 为习近平专机护航】4月20日，习近平主席所乘专机进入巴基斯坦领空，巴方枭龙战机编队护航。（央视记者王宇波）	0
（●–●）什么仇什么怨 [拜拜]	0
#快讯#【习近平抵达伊斯兰堡 开始访问巴基斯坦】习近平主席专机抵达巴基斯坦首都伊斯兰堡，巴基斯坦总统总理到机场迎接，并举行盛大欢迎仪式。（央视记者王宇波）	0
#习近平出访#【[给力]巴基斯坦枭龙战机编队 为习近平专机护航】4月20日，习近平主席所乘专机进入巴基斯坦领空，巴方枭龙战机编队护航。[威武]（记者：欧阳开宇）	0
娱乐：不认识的人或许会觉得他是一个怪大叔，但认识他的人都知道，这是我们的好组长，杉田智和。 第二张依次是森利道、杉田智和、小山刚志。	0
"【我一骑他就勃起】""法鲨""Michael Fassbender回忆当年拍《简爱》时一匹淘气的马[doge] http://t.cn/RUpEko6"	0
【苯宝宝表情包闯作大会，本宝宝已疯】最近超火的苯宝宝是不是唤起了你内心深处的化学之魂[鼓掌]？@果壳网http://t.cn/RUNuArE	0
【NAVER blog】为<10Asia>拍摄画报的#朴珍荣#,动图戳大(cr.logo)	0
今晚零点祝你们成为一个明媚的女子，不倾国 ，不倾城，只倾家荡产[得意地笑]	0
那些年我们手贱过的痛...卧槽，好疼！ http://t.cn/RUpuWlC	0
"#每日一词# 【fauxtograph】n. 照骗。faux是法语的""假""，读音['fəʊ]。faux+photograph合在一起就是假照片。"	0
以后谁再敢说你胖，[哼]就拿这些话压死他！	0
恭迎农历九月三十日药师佛圣诞。南无药师琉璃光如来。南无药师琉璃光如来。南无药师琉璃光如来。	0
铲屎的，你是不是有病[笑cry]http://t.cn/RyWCcTO	0
对你主动的女人一定是爱你的，对你主动的男人却不一定。	0
牙签是这样造成的，大开眼界了！[赞][赞][赞][赞]http://t.cn/RUpFv5K	0
外国一网友家金毛会帮着关门关抽屉，于是主人就把厨房各种门和抽屉全打开做了个实验，结果。。。[doge]http://t.cn/RypuBKK	0
不是每个人都愿意陪你经历所有。命里有时终须有，命里无时莫强求，让一切都顺其自然。	0
有些故事，除了回忆，谁也不会留；有些无奈，除了沉默，谁也不会说；有些东西，除了自己，谁也不会懂。	0
花花@华晨宇yu 黑色无袖T+烟熏妆+鬼魅微笑 整个人都酷爆了有木有！！！够异类、够撕裂、够有味......今晚无与伦比的大魔王，震撼全场[心][心]	0
美 国 老 兵 教你快要失传的溺水自救技巧。非 常有用的救 生技能，还有一定要教会你女朋友跟你妈 http://t.cn/RUJKiOK	0
我喜欢就这样看着你 看到你喜欢我为止。	0
献给所有和奶奶有着童年的孩子·····	0
《纸牌屋》下木总统。。。http://t.cn/RU0Bbvm	0
我操！！！！	0
Happy birthday to maggie@Maggiesum11 😘	0
此刻，发现宝贝全部失效的你。	0
网友说三年了，朋友从5个，变到7然后再变到9，心疼	0
九大超强技能，不仅炫酷而且实用，你不得不get！！！	0
这货叫American Pika, 美国鼠兔，有点蠢萌[喵喵]	0
周杰伦在美国街头。。。路人的反应似乎在说，“哎哟，还不错哦！”[笑cry]http://t.cn/RU0p1L8	0
有的人走了就再也没回来过，所以，等待和犹豫才是这个世界上最无情的杀手！	0
两个人恋爱最好状态，你们有过吗？	0
迪拜算什么！看看2015年的中国有哪些神奇的建筑吧！	0
#晚安#You can't wait forever. Do something and make it happen. 你不可能永远等下去。去做点儿什么，让一切成真。	0
别和往事过不去，因为它已经过去， 别和现实过不去，因为你还要过下去。	0
【Naver综合】10日，金秀贤结束海外日程通过金浦国际机场回国~	0
心理学博士张怡筠：不管这个人再有钱，长得再帅，只要他喜欢抱怨，你赶快谢谢他，祝他一辈子幸福，并再也别跟他联系了	0
这摩托车骑的，肯定是特技！ http://t.cn/RUS74rJ	0
你明明知道你需要放手却放不下，因为你还是在等待不可能的发生，这种感觉真的很难受。	0
以下15种猫咪的行为，背后真正的含义原来是这样！@fall_ark	0
感受一下爸爸在孩子即将出现危险时的神反映，都是亲爹啊！	0
据说晚上给我安排的是脱口秀，这简直让我昏倒，我可是一个内秀之人，我必须把很多话放在肚子里[哼][闭嘴]	0
Back Number演唱的朝五晚九》演唱的主题曲。前奏一响,我就想起了和尚送十元花的情景。甜酥了啊啊 http://t.cn/RUpiPeR	0
一只努力想钻到鱼缸里去的猫……	0
你.....你这个小贱猫.......阿汪我要是你就绝对不能忍！！	0
“猫和老鼠”里最最现实的一集。。。小时候没看懂。。。现在懂了，太有内涵了 http://t.cn/RUCZCGS	0
eos lip balm is the perfect base under a red lip. eos润唇膏是红唇的完美打底。	0
(〃▽〃)猫咪第一次见小豚鼠：诶，这是个啥啊......还挺萌的......摸摸头[心]http://t.cn/RUCtHKs	0
岁月是把杀猪刀，这是对长得漂亮的人说的，对那些长得丑的，岁月拿她们一点办法都没有。	0
缓解压力最好的办法~~~~ 简直太舒爽了！！！	0
我不想，我不想，不想上班，我只想睡觉拿工资吃大餐……	0
人为什么要努力？？？#智言趣语录#	0
13亿人，偏偏爱上你。转给你爱的人。。。[心][心] @ ....	0
妹子说的好有道理！这样的人肯定会得到幸福！get http://t.cn/RLv3eqn	0
希望自己是你，生命中的礼物[心]	0
找不到坚持下去的理由，那就找一个重新开始的理由，生活本来就这么简单。	0
学霸、学渣、学沫。	0
“余生太长，忘你太难，此情太短，相爱太难。”	0
“你住的城市下雨了，很想问你有没有带伞。可是我忍住了，因为我怕你说没带，而我又无能为力，就像是我爱你，却给不到你想要的陪伴。”	0
恋人间最好的状态是怎样的？看完哭出声。	0
全球最浪漫的事，来感受一下！ 简直美呆了	0
“还是先想着如何使自己变得更优秀吧，别整天奢望会遇见什么对的人，你还太年轻，就算遇见了也抓不住。”—— 你优秀了，自然有对的人与你并肩。	0
#同学，你购物车炸了#先别急着加入购物车了，想想你去年买回来的坑爹玩意儿吧[拜拜]	0
“就这么漂着睡着，睡醒了找不到你怎么办？”“没关系，我拉着你的手就没事了。”	0
喜欢一个人是犯贱的开始 死厚脸皮的找着别人聊天 死厚脸皮的问一句你怎么不理我了 死厚脸皮的叫人家早点睡觉早点回家 死厚脸皮的硬挤出幽默 可能人家收到短信的时候心里在想 他妈的这傻逼怎么这么烦啊	0
主页君，这是我趁我老公睡觉的时候帮他画的。	0
#张杰# 【视频】第七届无线音乐盛典，张杰演唱《最接近天堂的地方+他不懂+爱，不解释》扩散啦~~~[话筒]http://t.cn/8kfljFj	0
http://t.cn/8k5WWOm 《夏洛的网》12 大结局！感谢大家的坚持收听！[呵呵]另外还要感谢精心配图的朋友们！	0
你是不是总是会为了某人而不断地修改自己的底线？不停地为某人找借口，不停地想去原谅……可是，傻孩子，其实TA没那么喜欢你。	0
情人节老婆给买了一件颜色鲜艳的冲锋衣，结果第二天就屁颠屁颠的穿上了，结果上班的时候路过门卫处，保安喊道：“那个送快递的，过来登记”http://t.cn/zOEvnM0	0
香川真司个人集锦 德甲控球大师掌控冠军中场 http://t.cn/zOQ2mGE	0
舞台上的歌者，不经意的定格瞬间，唯美的画面，你感觉到了吗？[心]	0
【有这样一个地方】如果给你4M宽带，外卖、快递均能直达，还不用还房贷，每个月还可以开车去一趟超市，想隐居在这里的同学请举手！	0
就要到父亲节了，如果你有一个疼你爱你关心你的爸爸，你很爱他，请转发。。。 因为他是这个世界上唯一愿意为你付出一切的男人。。。[心]	0
#都市情缘#现在还没睡的夜猫出来聊会天啦[话筒][话筒]说不定能找到每天晚上陪你聊天的人哟~	0
#校园特讯#【华师图书馆暑假开放时间】@lau華 2012年暑期图书馆暑假开放时间一览表，暑假留校的同学可以看看哦[太开心]，祝大家暑假愉快~~[围观][兔子]	0
原来洗衣粉广告也可以这么唯美——SKIP《黑白篇》。http://t.cn/zW52qtd	0
今天北京的大雨又差点把车泡了。。。[泪][泪][泪][泪][泪] 吓死我了。。	0
如果你也有个经常熬夜的朋友，请好好珍惜他，因为也许不知道什么时候，他就死了。。。	0
如果没有信仰，就把旅行当做你的信仰，这一生，都走在朝圣的路上。	0
恭贺@郭培 老师「龙的故事」高级定制时装发布会完美落幕！奢华舞台雍容大气，饕餮盛宴美伦美奂！这就是属于我们「中国新娘」的精彩！[赞]	0
奥巴马周六在弗吉尼亚举行竞选活动，被大雨淋得狼狈不堪，居然没有人给他打伞。	0
“不打篮球的人永远也不明白篮球空心‘唰’网而过的声音有多迷人。” 大家晚安[可爱]	0
我宁愿因做自己而招人厌恶，也不愿为了迎合他人而伪装自己——科特·柯本	0
“问：小明住院了，朋友去看他，医生也在场。他们聊了一会，朋友就离开了，可医生也跟着朋友走了，为什么？” ~~~这是今年看到的最冷的冷笑话~~[雪]感觉冷的转~	0
18岁美国男生高山翻唱《我的歌声里》男生版，不一样的味道，一样的好听！！！ [赞] http://t.cn/zWaBFDr先转再看【喜欢#囧事#爱欢乐请关注我哦@囧事搜一搜[囧]】	0
They're so cute! 《复仇》（Revenge）三位主角 Emily VanCamp 和男友 Josh Bowman 以及 Gabriel Mann。7月21日西好莱坞。	0
#西蒙羽毛球学院#即日起，到8月5日，只要成为西蒙汽车微博粉丝，转发此微博为中国羽毛球队奥运军团加油，并@3位好友，就有机会获得礼品，我们将每天抽取一位幸运儿，第二天公布中奖名单。	0
有没有这样一个人酱紫抱着你入睡呢？晚安~~	0
你是不是经常在深夜像个傻子一样不知道自己为什么睡不着。	0
这是全世界文科生的榜样啊。！！我的世界观崩塌得一塌糊涂。。。。（by 人人爱重庆）	0
某人对你的恶毒，源于嫉妒，说明在某些方面你给他添了堵。	0
有时候，心里会突然冒出一种厌倦的情绪，觉得自己很累很累。只想放纵自己一回，希望能痛痛快快歇斯底里地疯一次。	0
有没有人和我一样，QQ上有很多这样的好友，从来没有聊过天，但也从来没想过把他们删掉，因为他们都默默地陪伴了我们很多年了。	0
夜越深，越想对某个人，说：我想你了，晚安。	0
#微讯#今天是她的生日！演唱的这首《月亮河》太动人了，风靡至今。在那个摇滚时代这首柔情慢歌绝对是个奇迹。希望她在天堂幸福快乐！点击：http://t.cn/zOHIXSG	0
和@大雾黄色预警 @小花请绕道 看完车展很累地往地铁里走,排队时瞥到四爷,瞬间满电了![心]我是个冷静的粉丝,嗯. 第一幅爷正在和地铁协管秩序的大妈交谈. 虽然挤一点,大家出行就坐地铁乘公交吧~~	0
从现在开始，不沉溺幻想，不庸人自扰，踏实工作，好好生活，做一个接近幸福的人。各位，晚安~（内容来自网络）	0
你现在的付出，都会是一种沉淀，它们会默默铺路，只为让你成为更好的人。	0
看了新闻感慨：大运会火炬，怎么跟烤土豆片儿似的，中间还有彩椒和洋葱 ~	0
[心] 女孩身上某个器官，爸爸碰两次，男朋友碰一次，老公一次都不能碰。大家猜猜是答案是什么~~	0
不要去在意所经历的事情是否值得，最重要的是自己是否愿意。晚安。[月亮]	0
【夜宴紫禁城】夜宴紫禁城——这是故宫最新最时尚的用途。只不过，这一时尚与普通人无关，夜宴的朱漆大门只向“拥有尊荣地位的高端人群”打开。 http://t.cn/hejQWN	0
我该怎么办，ML的时候，老婆要我叫她观世音菩萨！[汗]	0
#猫哥# 哎呀喂 ~ 在截 Taxi 吗 ? !	0
推荐≪华尔街日报≫今天出版的特别专题“人民币的崛起”。世界各地的记者从各个侧面对人民币在全球经济中的角色演变进行了深度分析与报道。http://t.cn/aoXXlY	0
《建党伟业》将在北美主流院线全面公映。片中一些演员非常兴奋，作品终于在自己的国家上映了。	0
起开~~~别挡着我看美女……	0
什么叫做真正的街舞！全世界的街舞都被这帮人玩遍了 2.42秒彻底崩溃 这才是街舞啊 你懂得  http://t.cn/hbIn6n	0
纪念下好几年前用的那台笔记本，ADOBE大赛赢来的，拿金笔直接画了外壳～	0
这纹身，能不这么犀利么？	0
假如你想要一件东西，就放它走。它若能回来找你，就永远属于你；它若不回来，那根本就不是你的。——Y.M	0
这坑爹的键盘，你叫我怎么玩。。。	0
#动图#好奇心旺盛的猫头鹰~好可爱啊！[心]	0
我从小怕老鼠，但是不怕蛇。后来，有位朋友知道此事，大为惊讶。我说，有什么好惊讶的，不是还有那么多人，某党治下都欢蹦乱跳的活着，反倒害怕什么“列强”么？	0
首都机场，这明明是西湖啊（via@kevinlou）	0
都是孙子，咋境界就这么不一样捏？	0
如果匹诺曹说“我的鼻子会变长”，那么会发生什么？	0
北海市委常委、政法委书记  莫亦翔，是不是这厮？？？	0
22岁生日快乐！（按日本时间来算的）[爱你][爱你]@三浦春马 お誕生日おめでとう！これからも愛してる♪( ´θ｀)ノ	0
在铺天盖地的官方消息传播中，很吊诡的一个现实是：到现在为止，@染香 ，@吴法天 ，@窦含章 ，@孔庆东 ，@司马南 都没有发布或转发这条消息，只有@司马南 对其家人的合影做了一条转评。	0
#旅游时讯#“船在水中行，人在花中游”——这里是江苏兴化千岛油菜花海，目前已进入最佳观赏期……（博友 @穿山甲1268）http://t.cn/zOpr8mt	0
【美食潮讯】澄海东里老戏院，木棉下，老式拖冰！吃过都说不错，夏天要来啦，组团一起去吃吧！！[花心] （via@张益达--凯特连锁） >>>关注@全球潮汕	0
你知道吗，因为太爱你就会怕失去你、怕别人抢走你，所以好几回我都想杀掉你算了。可是，每当我掏出枪又不小心把身边睡着的你惊醒时，还是不争气地抱紧你说：别怕，是我。	0
[阳光]立足于淘宝，服务于校园，备战于社会——淘宝社[威武]	0
你的手，我牵过。每次总是不自觉地捏一捏、揉一揉，就好像是自己最喜爱的玩具一般，总是放不下，总是松不了。当你的手在我的手心里，我会感到温暖，因为，我攥着一颗属于我的心。	0
「九张神奇的照片」转走慢慢玩吧！ [笑cry]	0
【基友月饼?!】这神马情况？还有这种月饼？！你会吃不？[偷笑] http://t.cn/zlzGUtN	0
生命太短，没留时间给我们每日带着遗憾醒来。所以去爱那些对你好的人，忘掉那些不知珍惜你的人。（晚安）	0
一个已经拯救了100万人生命的图片，您的一次转发就有可能挽救一条生命。请动动手指吧！无论您是司机还是行人，请以后多多注意！@实用小百科（转）	0
“假如我又丑又穷又矮又笨，你还会爱我吗？”“别他妈假如了，你本来就又丑又穷又矮又笨。”（转）	0
我们都是娑婆世界的众生，对情爱有着难以抗拒的执着。看着唤云，我想问问大家，面对爱你的人和你爱的人，你会如何抉择？	0
好害怕!!!晚飯後回家發現有一隻死蟑螂（圖左），估計是貓咪mike mike 救了我。我鼓起勇氣用tissue 蓋住屍體，但我實在沒勇氣拾起牠。（家傭又未返家）😭😂😭好害怕喔	0
#G-Dragon#:每次看到这样的你，都好心疼！拜托一定要照顾好自己！😢😢😚 @Bigbang权志龙公共主页	0
汪的中美关系夫妻论最后被外媒写成了这样……	0
#中国好神机#让我说它那质量肯定是好的没得说。现在点我就有4核智能手机+2年话费。http://t.cn/zQ4I7ro	0
是教育的成功还是失败？绝对真事。一朋友是教师，一日上街买菜，和一小贩发生争执，一小混混（老师曾经的学生）过来了，上去就给小贩一巴掌。然后对老师说：X老师这里是我罩着的，以后有什么问题找我。(转)	0
20130720华龙网华龙娱摆摆报道：#李准基# 新剧#两周2weeks# 曝光首版预告片 场面震撼剧情虐心 -- 视频频道 (时长01:43）http://t.cn/zQtOSYT	0
两人在一起，有回忆就是幸福！——心灵鸡汤。今晚跟大伙煲个鸡汤，有同感转给喜欢的人。晚安。图转。	0
#电视剧兰陵王#又来一个凶残的！热门微博排行榜，我王一不小心占了三个位置[酷]胖兰你真是在用绳命屠榜！@冯绍峰	0
我和小伙伴都惊呆了，这竟然是监狱！（挪威哈尔登监狱———世界上最人性化的监狱）~	0
#星品预告#周二【4月2日】，所有新品就要上架啦！[江南style]谁会是第一个来门店尝鲜的星粉呢？[得意地笑]	0
#主君的太阳##苏志燮#[噢耶]傲娇主君表情集，卖得一手好萌！[偷笑][cr.mamorism、2RioN]	0
原来权志龙这么牛啊···谢谢贴吧里的小妹妹给我上了一课，迈克尔杰克逊被权志龙秒称渣渣了。也谢谢qq空间的小妹妹让我知道了，奥巴马访问韩国的十大理由之一是权志龙在韩国	0
【BIGBANG饭团•直播】荣光的一位是谦虚客气的志龙！http://t.cn/z8slOgU 要实力有实力要人气有人气[得意地笑]一位粗卡！[鼓掌][鼓掌][鼓掌]	0
謝謝你們！志玲的101求愛@ohhmyStyle時尚台北 二手衣全部售完，我們會將大家的愛心全數捐予慈懷基金會的少女中途之家、以及都市人基金會的向日葵家園。	0
#胜女的代价2# 天齐锅生日献礼之菲宝宝的爱情告白……[心]@张翰 #郑爽# @张翰官方后援会 @郑爽吧 @胜女的代价2吧 @胜女的代价2影迷会 @青春剧透社	0
#阿狸的下一站·梦想起航希腊站# 周日！Monastiraki跳蚤市场开啦！人气旺极了！阿狸有什么收获呢。。。？ 我在:http://t.cn/zR5UmUq	0
真实的世界使我感兴趣，因为它是可塑的。by 纪德	0
犹抱琵琶半遮面！ 终于被我抓到你先睡觉了！大家偷偷看看就好啦！不许@   她 要不明早她起来后！我会死的很惨的！爱你们[嘻嘻]	0
武大三行情书第一名 乍一看不明所以 细细揣摩后 哭着点赞 。。。 “ 也许世界颠覆，你才会想念我 ” [呵呵]	0
每一个人心中都深藏着一个人，你不知道对方是否生活的好与不好，但有时候，你怀念的却只是一个简单的名字，一段简单的相遇。	0
幹這種事，需要一個好環境，需要裸著，需要一前一後… ((是在幹什麼事呢[群体围观] #赫海#[得意地笑] @cherrylookkkkk @StePHy_haohaohae 我挑背景挑了好久XDDD	0
每次开始的时候，都迫不及待地爱别人。可是真正在一起以后，就忘记了小心翼翼的疼爱。原来，喜欢上一个人很容易。可是，要在心里最深刻的地方，去珍惜，就很难！—— 安东尼《这些都是你给我的爱》	0
#微镜头#【也许你跑得不够快，但必须穿得帅！[偷笑]】今天，2013上海国际马拉松开赛，发令枪响，一个个“奇葩”形象冲出了起跑线，米老鼠、小黄牛、兵马俑、超人，还有一只鞋……	0
＜LI＞：有人说他紧张〜因为这部电影是五月天诺亚方舟！ ！他怕他会哭[哈哈][哈哈][哈哈][哈哈]@我就是志銘	0
有时候，你最想得到的人，其实是你最应该离开的人。	0
想你的夜，求你让我再爱你一遍，让爱再回到原点 ------关喆《想你的夜》（听好歌，记好词，关注@一句心动的歌词 ）	0
我依然不喜欢王家卫，故弄玄虚，假装深刻，乱七八糟，狗屁不通，整几个破词儿就以为看透了整个世界。	0
本条微博转发数过1000，我上传马指导唱歌视频，大伙晚安~	0
郭德纲和于谦最新段子《屌丝青年》笑死人！！!http://t.cn/zlvEBLA 德云社庆纲丝节，郭德纲称“给我三千城管，我能收复日本。”	0
"來了來了啦~~~這張我覺得有 ""清新自然""的感覺 @羅志祥"	0
【潮汕过节】潮汕的那些中秋夜！[满月]今年中秋，你回家么？　@全球潮汕	0
据悉明天很多上班族都将集体迟到，因为他们的闹钟设置的条件是「工作日」! 所以该干什么了，你懂的。[酷]	0
近日，网友在网上曝光了韩星张根硕的证件照，引起“鳗鱼”（张根硕粉丝）热烈讨论。有粉丝称赞张根硕的脸型无可挑剔。详情戳http://t.cn/zlpOyDQ 更多韩娱资讯请关注@碰碰韩流	0
今天所有相信Temple run有终点并且转发微博的童鞋，劳资来毁你们三观了，看看 尼玛够不够五亿啊。说好的大都市呢？说好的尽头呢？坑爹啊 有木有啊！！！（via 人网友肖智远）	0
TMD所有相信Temple run有终点的人，劳资来毁你们三观了，看看 尼玛够不够五亿啊。说好的大都市呢？说好的尽头呢？坑爹有木有啊！！！「人人网友肖智远」	0
“这位兄台，不是同一部剧的就不要来问我了，我很忙的好吗…”「via 慢绣雷墩」	0
很多同学问做真题的问题，真题一定要好好做。真题解析如果还没有买的同学，可以参考高等教育出版社《2013考研数学历年真题解析》，这本是我一题一题审的。还有就是《题源探析经典1000题》。	0
祝自己十七岁生日快乐😜😜😜。谢谢那些一直陪在我身边的好朋友。还有我的所有好兄弟们。星期六回去，你们懂得。[酷][酷][酷][鼓掌][鼓掌][鼓掌][蛋糕][蛋糕][蛋糕]	0
今日金句：没有强大的敵人，只有不夠强大的自己。	0
【情報】團長代班主持娛百 SHE『好友音樂會』👍👍👍👍  cr：娛樂百分百FACEBOOK	0
#2PM上海演唱会#现场：电音感十足的＜Hands up＞，带领全场进入最高潮！大家一起举起手，开始挥舞吧！[抓狂][鼓掌]@2PM资讯台 @大麦网韩国站	0
大喜易失言，大怒易失礼，大惊易失态，大哀易失颜，大乐易失察，大惧易失节，大思易失爱，大醉易失德，大话易失信，大欲易失命。——人生十鉴 。	0
感觉自己什么也不缺，仔细想想又什么也没有 说的是你么？（转）	0
沉默，是一个女人最大的哭声。女人有心事后，不想多说，感觉说话很累，或许是习惯了沉默，习惯了痛，习惯了安静。当一个女人不理你的时候，其实她已经受伤很深！	0
孩子啊，那年，你沉浸在童年“摇篮”的甜蜜梦乡里时，那年，你母亲在为下一顿几元钱的食餐辛劳，只因我们生活在这片土地，跟你们说声：对不起！	0
今晚再送出《少年派的奇幻漂流》原声大碟！十分优美动听 http://t.cn/zjqbBCp	0
有人说，旋转木马是世界上最残忍的游戏，彼此追逐，却怀着永恒的距离。	0
还记得他们吗？？最全的《哈利波特》演员&角色合集！「转」.	0
121129#宋茜#抵达香港机场新闻2P cr 新浪韩娱 挖图by：樱桃 吧内戳：http://t.cn/zjtBQT1	0
哪怕恨到想杀了你 最后还是想抱着你 爱你痛就痛在这	0
堂内。探子来报，苍老师is coming！众人眉动，嬉笑如故；探子又 报，钓鱼岛is going！众人震怒。少顷，探子奔入，慌不择言 ，红纨雪菊is少ing！！！“来人，上切糕！！！”	0
所谓长大，就是把原本看重的东西看轻一点，原本看轻的东西看重一点。很多人闯进你的生活， 只是为了给你上一课，然后转身离开。	0
如果这些老电视剧你看过一半以上的话，那就说明你老了，还是果断转了吧！「BY动漫控--鑫儿」	0
赚钱的生意一般都不会很累，很累人的生意一般都不赚钱！如果你发现自己做生意特别累，那一定是方向和方法上出了问题！	0
【日媒称中国海军护卫舰出现在钓鱼岛附近】日本富士新闻网报道，据日本政府人士透露，两艘中国海军护卫舰出现在钓鱼岛西北80海里海域。这是中国海军首次出现在这一地区。http://t.cn/zlZwYBX	0
推主sodateya在pocky日的玩法，一般人也是玩不了[笑cry]	0
TVXQ France 暂时只救回了图,18号场的红海.擦!这位子拍出来的视频肯定嗲啊┭┮﹏┭┮	0
小米4c发布一个多月，口碑非常好。今天双11我们准备了充足货源，特别是很多人要的高配3GB+32GB，五种颜色都有货。大家可以上小米天猫旗舰店看看。@小米手机	0
“那天下午我做了个梦，我到了他的家，走出那房子的时候，我以为我会醒来，谁知道，原来有些梦是永远不会醒的。”今日暗恋来自《重庆森林》http://t.cn/RUleTsY	0
短腿柯基简直萌瞎惹了。 笑起来好阳光好暖心。	0
我们最大的悲哀，是迷茫地走在路上，看不到前面的希望；我们最坏的习惯，是苟安于当下生活，不知道明天的方向。	0
#深夜食堂#让你变大厨让大家刮目相看，做法非常简单！	0
高中生版天气预报，开启洗脑模式！ http://t.cn/RLPikGx	0
当我睡着睡着突然有人开灯时。。。。。(つω⊂)	0
你真的是松鼠么 你确定你真的是松鼠么 简直要萌哭了啊啊啊啊 o(≧▽≦)ツ	0
姐姐跟老爸讨论着要把弟弟卖到宠物医院，一本正经的讨论，说的好有道理，绝对亲姐姐啊！[笑cry]http://t.cn/RUYfUht	0
愿逝者安息，生者坚强。晚安。	0
如果你不能陪我到最后 就不要半路进入我的生活 你知道 我可以习惯独自一人 但是我接受不了本来有人陪 突然就一个人了	0
华山派和昆仑派两大长老决战暗巷 http://t.cn/RUlrT7R	0
不明白当年贝多芬是怎么弹的《悲怆》第三章，跪着看完........[拜拜] http://t.cn/R23mTfF	0
#今日推荐# “当女朋友说没事的时候，实际上的意思是……”相信，男人看完会疯的~[哈哈]http://t.cn/RU0AsM1	0
我不炫耀，因为我不自卑。我不花心，因为我不缺爱。——人性就是这样，自卑才炫耀，缺爱才花心。你的招摇，除了证明内心虚弱，说明不了任何东西！	0
也许有一天，我们都会犯错，我们要约好，吵架的时候告诉自己，错误是短暂的，错过却是永远遗憾的。	0
这些事儿就叫道德绑架！	0
最美的事不是留住时光，而是留住记忆。真正的强大不是原谅别人，而是放过自己。	0
“坏情绪也不要都说给别人听，不管怎么样，夜晚你就睡觉吧，白天你就出去散散心，阴天你就吃好喝好，雨天你就听听雨。”	0
两个人在一起能做最多的事，就是陪伴。我干我的，你干你的，有两三个小时的晚间黄金时间，他们都是独享的。但你知道一个空间里有另一个人坐在那儿，你就感到很踏实。这就是爱情，最常态的爱情。	0
有哪些因为方言而导致的误解？[哈哈]	0
推主goen0414给自家的兔宝宝织了一顶帽子，可爱度又不小心上升了好几度呢ε٩(๑> ₃ <)۶з	0
在这人海茫茫中路过，每个人都需要理解与包容，那么更需要提醒自己活出人生的善意与亲和。五幅《荷花》。#融媒体山东行#（16日晚九点 在转发中抽取五位中奖网友）	0
《 Say You Will 》， 一首很适合在婚礼上播放的歌曲！相当好听！http://t.cn/RLzNWwA	0
这只汪星人十分吃醋主人对其他动物好，极力想引起主人的注意	0
#我要生宝宝# 【孕妇操减轻分娩疼痛】孕晚期的孕妈咪的12个简单的动作，帮准妈妈减轻分娩疼痛！转需。[羞嗒嗒]	0
【 133㎡简约复式】素雅的空间,舒服。[浮云]设计：陌上设计事务所	0
一般好男人皮肤都是黑的， 因为他们是太阳的化身。	0
#都暻秀#超级迷人的，音色发音唱功都一级棒，好好听[爱你]http://t.cn/RUO5hn8	0
对于手好看的男生没有抵抗力啊啊啊啊(〃∀〃)	0
《冰川时代》最新番外短片 还是那只倒霉的小松鼠，这次的脑洞更是突破天际 http://t.cn/RUp85fX	0
除了法国恐怖袭击伤亡数百+，还有浙江丽水泥石流、东海地震7.0级、黎巴嫩恐怖自杀式袭击伤亡30+、巴格达同样也有自杀式恐怖袭击……希望今天的天灾人祸早点过去……GBU	0
有时候，事情很简单，复杂的是自己的脑袋。	0
要不要这么可爱啊~好想和你握握手~	0
有时候智商真是硬伤，每天笑点不断	0
王祖蓝现场版《浮夸》一开口就被惊艳到，出乎意料的好听！[心]http://t.cn/RUlzE7k	0
#涨点姿势#棉花糖还能这么玩[威武]，特别佩服那些把小事做精的人！http://t.cn/RUIe0MT	0
日本一幼儿园竞跑赛，排名第二的小哥跑到终点整个人都懵了！好萌！http://t.cn/RUWRi7z	0
其实要我起床挺容易的，关了wifi 我就起了，手机没电我就起了，有特别好吃的我就起了，喜欢的人找我约会我就起了，就是这么简单。	0
视频内大多数牛逼行为极为危险不要不信自己试试哦[doge] http://t.cn/RUYaISi .	0
朋友圈每天都在用实际行动教育我：你再想不到的两个人都有可能互相认识。所以，绝对不要乱说话。	0
主人不给二哈吃鸡肉，急死二哈这个小公主了哈哈哈，字幕好可爱！ http://t.cn/RUjOnFm	0
哈哈哈，笑疯了！看一次笑一次，根本停不下来[笑cry][笑cry]http://t.cn/RLepTKV	0
巴黎遭遇恐怖袭击之后，多伦多、伦敦、都柏林、纽约等多个城市建筑打上法国国旗红蓝白三色。灾难面前不分国籍，Let’s all pray for paris！[蜡烛]（图源自tumblr）	0
刚才顺手做的伏地魔性图	0
这个冬天，最暖心的9句话，你想听哪句？	0
当狐狸也钻钻钻起来，威力完全不下于柴犬钻(ง •̀_•́)ง	0
一网友在杭州吴山夜市吃到这种脆皮玉米，上面加了芝士和甘梅，还有巧克力等十几种口味，外脆里嫩。据说热腾腾的简直好吃到哭，绝对是冬日里秒杀板栗的新晋小吃！[馋嘴]	0
整理出40部反复看都不会腻的韩国电影，小伙伴们赶紧马走慢慢看。	0
单身狗独自看爱情电影时……眼角有泪划过。。。[doge]	0
卧槽！！ 全程开挂了吧！！！[震惊]http://t.cn/RynYEM5	0
【下午茶】一段父亲的表述：“我希望你的他，能够比我更爱你，可又多希望，这一天可以晚一点来……”[泪] #心灵阅者# http://t.cn/RUjf8mV	0
【米兔·现场】#音乐中心# #VIXX#回归的极致舞台 http://t.cn/RUYHUMM	0
有些痛，忍忍就过了，有些麻烦，忍忍就解决了，有些话，忍忍就不想说了，有些爱，忍忍就不想爱了，有些人，忍忍就不想等了。	0
"距离大概就是指：你知道我没睡， 我也知道你没睡， 看着彼此更新的消息， 却不能说上一句话。""请关 注我，这里总有一句是你想说的话“"	0
#朴灿烈1127生日快乐# #朴灿烈# 【预览】151114大阪演唱会 cr：hello puppy/GIVE ME BUTTERFLIES! 朝我的心上用力的开一枪吧[泪流满面][泪流满面][心]	0
不舍得让过去的都过去，因此多了心苦。并非都是生活亏待了你。只因留恋过去，阻挡了迎面而来的幸福。	0
今晚，上海@东方明珠 广播电视塔亮起红、白、蓝三色灯，向法国巴黎表达哀思。[心]此刻，请一起转发传递：世界人民与法国政府和人民站在一起，必须将这些恐怖分子绳之以法！#巴黎枪击爆炸事件#	0
《 时间煮雨 》钢琴弹奏纯音乐版，静谧的午后时间，静静的听，好像闭上眼睛就能看到最想念的人。http://t.cn/Ryf3xh0	0
失望到极致是想说一长串证明自己的话 可是话到嘴边却又变成了苦笑 觉得再没有任何必要 说一个字都觉得多余。	0
姑娘们，承认吧，这就是你的梦想！[心]  	0
永远不知道自己的钱花哪去了。其实也没买什么，也没吃什么，但钱就是不见了。	0
“把ISIS控制区的边界，刷上一层厚厚的猪油，他们就跑不出来了，然后再集中火力歼灭！”——最高司令官	0
【#下班·分享#】也不懂为什么，就跟着一起动嘴了，可能是饿了[微笑]http://t.cn/RUHhlUD	0
信任，就是这么建立起来的，好有爱！！！[赞]	0
国外那些既有创意又实用的的发明，每一个都好想要！	0
【就喜欢喝汤！7款调理肠胃的DIY营养汤[馋嘴]】天气越来越冷了，给你的肠胃大扫除~喝点营养汤，既健康又温暖，赶紧马克！[太开心] via@美容减肥和养生	0
《IF YOU》+ 雨声，淡淡的伤感，好听！[心][心]http://t.cn/RLL9LF7	0
练习半年了，眼看就要成功了，就不用上班了。他妈的，它居然改版了。我的那个心啊，拔凉拔凉的呀[泪][泪]	0
#下班分享#这体能，我给满分。[doge]	0
刚拿到	0
38年前..... 科学家们用这116张照片.... 向外星人解释了全部的人类文明.........	0
#有意思#【10张图看清你和妈妈的关系】你与妈妈的关系其实可以用10张图来概括，看完之后决定对妈妈好一点，再好一点，更好一点[可怜]！	0
边伯贤 掀我衣服犹如要我滴命 拼命守护nutella 哈哈哈[哈哈][哈哈][哈哈][哈哈] cr ByunBiong http://t.cn/RUHbDU8	0
每个班总有一个那样的人。你是哪一个？看着看着我哭了。 http://t.cn/RUT47bZ	0
#瓜皮# 一股杀气[doge]	0
不能承受的时候，你就接受吧，接受现实的安排，沉淀困苦，放过自己。	0
明家三兄弟，魔性[喵喵]	0
40秒的时候被小姑娘惊艳到了~ http://t.cn/Ryb8u4m	0
韩网上有这么一个网络购物后记栏，给网友们吐槽那些失败奇葩的网购经历....随着吐槽的人越来越多，大家的脑洞也越来越大了....	0
主人不给二哈吃鸡肉，急死二哈这个小公举了[笑cry][笑cry][笑cry]http://t.cn/RU8eIJl	0
【instiz】一个人上直播节目的申彗星,这哪是快37岁的颜[拜拜][拜拜]	0
有些事你明白我的感受，知道我会难过，但是你还是那么做了，让我更难受。	0
接到骗子电话 就该这样[哈哈][哈哈]http://t.cn/RwOx0Nm	0
【instiz】诶诶诶？GOT7回归预告？！	0
［联合国视频］和平，用每一种联合国官方语言：سلام 和平 PEACE PAIX МИР PAZ http://t.cn/RUTHx4e	0
李洪基solo 迷你1辑<FM302>——<后知后觉>MVTrailer公开！ http://t.cn/RU8sAME	0
【是不是原装进口，一看便知！[带感]】这是国际统一的产品的身份证——条码。用着时，查一下。别再被售货员忽悠了，收着吧！ @技能大咖	0
“爱收了又给，我们都不太完美。梦做了又碎，我们有几次机会去追。我拉住时间，它却不理会，有没有别人，跟我一样很想被安慰。”#听首歌再睡觉# http://t.cn/RyhKZBx	0
圣托里尼的黄昏 美到窒息。ins：danicaspi	0
【instiz】抱娃动作超专业的GD[good]	0
什么出版社书的质量比较好？	0
别着急，你的快递，还在路上！[doge]	0
今天，我想向大家介绍几位少数民族的警察。	0
大数据告诉你，电商会把假货发给谁？	0
今年的cry dear比以往时候来的cry一些，喜人。	0
我真的沒彎[怒]	0
踏入社会你必须做到的九件事。[呵呵]	0
别惹我！！我要是疯起来...连我自己都怕！	0
一个人都无趣，两个人怎会有意思？	0
有个网友发现家里的地板有一只汪星人常常在偷看它。。。好精神污染啊。。。[doge]	0
我是怎样的人，我自己懂就好了；我过怎样的日子，我自己享受或者承担就好了。苦日子苦过，好日子享受，没必要令所有人都懂得和了解。	0
我说一个人的时候就不能好好的玩耍吗？	0
“其实你知道的，任何一种需要你花尽心思去讨好的感情都不会撑的太久。”	0
【喜欢吃面的亲们赶紧收！[爱你]】26碗特色面条！一天做一样！喜欢吃面的亲们赶紧收！[爱你]by网络	0
【NAVER blog】穿校服的idol~(cr.logo)	0
最新版郑多燕10分钟甩油操视频版，想瘦你就跳，四周之后你会来感谢我的！先马后看~http://t.cn/RUlejH8	0
孤独与寂寞区别，你究竟是孤独，还是寂寞？	0
主银买了盒章鱼小丸子回家吃，家里的喵星人都跑过来围观了，感觉压力好大喔。。。[喵喵]	0
【NATE】艺术感超强的idol黑白照~(cr.logo)[羞嗒嗒]	0
当面对两个选择时抛硬币总能奏效，并不是因为它总能给出对的答案， 而是在你把它抛在空中的那一秒里，你突然知道你希望它是什么。	0
#暖手男神# 以下几枚男神只能选一个，冬天冷的时候，你萌会把手插进谁的大衣里暖手呀[害羞]欢迎补充！	0
#我没忍住# 主人别哭，给你纸巾	0
本人于2014年4月15日发布了李亚玲的作品《国色天香》抄袭耽美小说《不能动》的微博，成都市锦江区人民法院和成都市中级人民法院判决，均认定本人侵害了李亚玲的名誉权。现本人向李亚玲道歉。@锦江法院	0
我希望遇到这么一个人对我说“自从遇到你 我就想结婚了”	0
一句顺其自然，里面包含了我多少绝望和不甘心，如果你懂。	0
道理都懂，但该怨的还是会怨，该骂的还是会骂，该哭的也还是会哭，毕竟心里的难受不是道理所能释怀的。。。	0
店主你过来！[doge]	0
你所做的一切努力并不会给你带来什么好运，但可以让你逐渐成为你想成为的那一种人。	0
有一种感情，叫只是想叫叫你。[心]	0
啵啵虎 2015巡演舞台萌酥合辑[兔子][兔子] cr logo http://t.cn/RUpTitW	0
生活需要一种平常心，守候内心的平静，活出生活的谅解，相信那些烦恼不过是过眼云烟，心地的清凉才是生命的真相。五幅《兰花》。#融媒体山东行#（14日晚九点 在转发中抽取五位中奖网友）	0
东野圭吾：推理之王的进阶之路	0
【高难度领带结怎么系】如此高端洋气的领带结打法，男人们赶紧收藏了，女孩纸也为TA学起来吧！！	0
11亿！竞猜活动开始，猜双11小米天猫销售额，晚上11：45前截止。第一个最接近的朋友，我送两张下一场小米手机发布会的门票[微笑]	0
你在那里，我在这里，只是怀念，不再相见。	0
秋意浓，灵动静美总相宜。	0
宫崎骏电影的动态海报，简直不能再美了~	0
【naver综合】[<他人的取向>Jackson一大早就展现结实的腹肌]11日播出的JTBC新综艺#他人的取向#中,Jackson很早就起床去卫生间为外出做准备,此时他脱掉上衣,展现出结实的腹肌.	0
“爱是不会老的，它留着的是永恒的火焰与不灭的光辉，世界的存在，就以它为养料。”（BY左拉）晚安，各位。	0
妹子架子鼓玩的这么好，真是帅了我一脸！http://t.cn/RARSoa7	0
理衣柜的时候发现 很多衣服扔之可惜 穿之傻逼	0
#陪伴宝贝成长# 早餐在聪明的女人这里，从来不是问题[鼓掌] 鸡蛋+火腿+番茄三明治，1秒GET！长得萌的已经去拿鸡蛋了[馋嘴]	0
继续赶路，困的要垮棚啦…图片来自牛轰轰	0
原来阵雨是这样下的。。惊呆了！！！	0
最能燃起你「学习激情」的一句话。	0
在很多时候，往往就是因为你要的太少，别人才索性什么都不给你，结果你一无所有。所以，想要什么，都得靠自己努力，永远都是这样。	0
都知道冬天的呼伦贝尔草原很美，其实呼伦贝尔冬天也不错[偷乐]	0
一位首尔的大学教授总结出来的人生教训！	0
【看图·学好英语四六级的重要性.....[笑cry]】912亿和912billion.....好像有点明白阿里昨天美股为啥跌了[doge].....	0
国外有个主银用背带把家里的喵星人背出去，还带它去宠物店买零食，让喵星人自己挑零食。。。别人背孩子我單身狗背喵星人[喵喵] http://t.cn/RUWo1bJ .	0
#华晨宇史料不及# http://t.cn/RUOTfN0	0
啊啊啊啊，gakki为esprique拍的广告视频来了！我已经跪着舔屏幕了[得意地笑]老婆好美！！[得意地笑][得意地笑][得意地笑] http://t.cn/RUWZwOX	0
教你如何在衣服上绑一个美美哒蝴蝶结，超美超实用~	0
衡水中学的英语作业～ 刚开始猛地一看我以为是机打[拜拜]	0
情侣间那些机智又暖心的问答 [嘻嘻]	0
#GIF#哥们儿你这智商基本告别电动车了吧……[笑cry]	0
这逼装的，我都不知道如何说是好。。。 http://t.cn/RUMrdy0	0
每个人都在怕，怕自己给出去的是心，别人还回来的却是刀子。友情如此，爱情也如此。	0
有些路 走下去 会很苦很累 但是不走 会后悔	0
【NATE】舞台上看向粉丝的idol~	0
#跟麦麦说晚安# 双11买买买的感受...[拜拜]	0
“老乡，我帅来跟我说”史上最不要脸的唐僧，给这神配音笑死了！！！ http://t.cn/RUOIlAk	0
【全国最佳医院排名】精确到每个科的排名，细心的你请保存一份，以后自己或身边的亲友可能会用到！！！	0
你的床头有书柜吗？	0
山下智久	0
千万别让两个女生在一起，因为。。不多说了自己看图体会吧[拜拜][拜拜]	0
一分钟酸奶蛋糕，简单易学，吃货快get起来~	0
【北京市委副书记吕锡文(女)被查 系候补中委】北京市委副书记吕锡文涉嫌严重违纪，目前正接受组织调查。点击链接查看吕锡文简历：http://t.cn/RUOJCg1　	0
双十一到了，大家还缺蓝票吗？蓝眼睛银头发的那种……[害羞]	0
单身狗，汪汪汪！	0
小姑娘本来在生爸爸气，结果被鞋子发出的声音逗乐。。。。就这样自己high了起来。。http://t.cn/RU0JDiC	0
有些苦，可以挂在脸上让人知晓；有些痛，只能埋在心底独自承受。	0
学生党的日常，乃们来感受下！！！[拜拜]	0
当你真正看懂了《大话西游》，你就真的懂了爱情。那么，当你听懂了《一生所爱》，你就真的懂了什么是哀伤和无奈~ http://t.cn/RyNlKvg	0
那个口口声声对我说“你敢把狗带回家我就敢给你扔了”的父皇[挖鼻] @妖妖小精	0
好多水果的画法！留着教孩子~	0
《琅琊榜》众人的日常，真是绝了，莫名戳中笑点！！！[笑cry]	0
10种将照片处理清晰的方法！	0
这个小萝莉本来在生爸爸的气，结果....被自己的鞋给出卖了... http://t.cn/RU0JDiC	0
每当有人吹牛逼时.我差不多就是这个表情.	0
曾经，那些神奇的误解。。。。	0
#直播双十一#17小时28分，2015天猫双11全球狂欢节交易额超719亿，超过2014年全国社会消费品单日零售额！	0
生活就是这样，如此心痛，就算生动。时光可去，心地未老。#延参法师双11讲座#	0
【有奖转发】美老师有一个礼物，在#1117美图产品发布会#上送给谁好呢？[疑问]@叫兽易小星 @cucn201白客 @孔连顺 @子墨_布拉德皮蛋 @葛布	0
谁敢跟他们比无聊！	0
有时候真的努力后，你会发现自己要比想象的优秀很多。越努力，越幸运。	0
小婊砸，居然为了点小鱼干，卖弄起事业线。。。手段不错[喵喵]	0
东京都武藏野市吉祥寺南町1丁目的兔子咖啡店。请问您今天要来点兔子吗？[兔子]	0
培养九种心态，做生活的强者！	0
【亲们，国家邮政局局长帮你们催包裹去啦！】今天下午4点，天猫双11成交额达到683亿元之际，马云陪同国家邮政局局长马军胜来到申通和圆通的北京运转分拨中心，探班双11物流一线。	0
我假装无所谓，却发现你是真的不在乎。	0
从今天起，做一个简单而幸福的人。不沉溺幻想，不庸人自扰，不浪费时间，不沉迷过去，不畏惧将来。如此，安好。	0
明白自己是谁，适合做什么，目前该干什么，比盲目去努力更重要	0
生活本不苦 苦的是我们欲望过多 人心本无累 累的是放不下的太多	0
一位特别喜欢小熊猫的姑娘，跑到各处去拍它们，每一张都觉得好萌啊！✪ω✪	0
【NAVER blog】罕见的#GD#欧巴果照[doge]	0
四周练出腹肌人鱼线马甲线[耶]每天做一遍，一周效果显著。试试看！http://t.cn/RUWo4MG @全球健身中心	0
黑暗料理界又一新作，“奶酪煎肠饺”。做法简单：饺子皮上放半张奶酪片，撒匀胡椒，再放上一根香肠，包好封一端口，放在油锅中滚着煎熟，金黄色出盘……号称新型增肥利器，不胖不要钱[doge]	0
你喜欢的只是那个不喜欢你的她[微笑]	0
作为家中唯一代表，准备去参加大长腿的聚会了，好激动好紧张[可怜]#田亮全员加速中#	0
想被喵星人壁咚	0
【连进12球！中国队12-0横扫不丹】在刚结束的2018世界杯亚洲区预选赛中，国足在主场以12-0击败不丹。11月17日，中国队将对阵中国香港队，转发，让我们一起为中国队加油！@CCTV5	0
赖床是对假期最起码的尊重 ins：chicoto	0
你的人生永远不会辜负你的。那些转错的弯，那些走错的路，那些流下的泪水，那些滴下的汗水，那些留下的伤痕，全都让你成为独一无二的自己。#北京正能量#	0
尼玛，太贱了！没有一点防备的二连击，绝逼友尽了。。	0
超有范的《trouble maker》儿童版，那个尖叫不断的现场.....好火辣！ http://t.cn/RZLnHOB	0
爱猫的男人太加分。	0
这个冬天，最暖心的9句话，你想听哪句？[心]	0
你不用重现生命中的每一秒，每次欲求的细节，每个委曲求全的过程，那么多看电视、等公车、挖鼻屎的时间。那些不过是用来填补空白的。只有少数瞬间才有价值，才能构建和定义人生。 by 杰夫•戴尔	0
接下去几天的状态估计是这样的……	0
” 你若逢场作戏，我便将计就计；你若生死不弃，我便奉陪到底。“ -- 雷 博	0
【广场舞坛有了新的话事人！】骨骼清奇的少年接过了奶奶的掌门戒指，从此他是人民公园唯一的王子，骚动的节奏，魔鬼的步伐，他的征途是星辰大海。[哈哈]via@李铁根 http://t.cn/RU0RI9e	0
【FNC】李洪基Solo专辑<FM302>公开主打歌题目<后知后觉(INSENSIBLE)>.	0
简直太美好！这六张图我不能坚持看完了，一个更比一个虐啊！[拜拜]	0
我承认我在发脾气的时候最喜欢说很极端的话	0
【instiz】#GOT7# 在今天V app中剧透Repackage专辑预计于23日发行,这次的Repackage有GOT7成员们的参与.	0
#瓜皮# 因为刚吃完东西她又要叫叫所有前面2声特别好玩啊哈哈 http://t.cn/RUl41Hf	0
目前听过最好听的弹指版《My Heart Will Go On》，一把吉他就带我回到当初的感动，瞬间沦陷了！up主：Ache http://t.cn/RUb2qYd	0
生二胎哪是光钱这么简单的事，养起来心好累	0
#环球语录#什么时候，我们能面对面的看一眼，不再隐藏彼此，什么时候才肯明明白白的将这份真诚在我们有限的生命力交代的清清楚楚呢？——三毛《梦里花落知多少》	0
【一张图看懂中国所有茶叶】来涨涨姿势。	0
我现在，唯一拿的起放不下的是筷子，唯一陷进去出不来的是被窝。	0
双十一前。双十一后。	0
好神奇的鸡蛋剥离术。。。[吃惊]http://t.cn/RUWgqGf	0
【香辣虾】教程简单保证一学就会，先收了，以后想吃，自己动手捣腾起来~想学的，赶紧收 ~~	0
1999年马云创办阿里巴巴时，在家里为18罗汉做的演讲，两个小时后17个人反对，但是看看现在，真特么励志，棒！！！[心]http://t.cn/RUWTeu9	0
十一区一麻麻去看孩子运动会，现场萌翻...第二名的娃在终点前到底经历了什么[笑cry] http://t.cn/RUWROB1 .	0
看一次温暖一次，愿世界充满爱~ http://t.cn/RUMB933	0
《闺蜜之驾校》笑着看到哭[笑cry]http://t.cn/RyYWe7E	0
小仓鼠闻到主银的手有零食的香味，它居然用两只後脚站来起来追著主银。。。好像会走动的糯米糍啊。。。 (｡･ω･｡)ﾉ♡吃货为了吃也太拼了。http://t.cn/RLznlNJ	0
一只吸奶的小喵星人……这小花裙子，萌翻啦[可爱]	0
网上有小伙伴总结了一家三口销魂睡姿图……这就是我贪得无厌想要的幸福	0
【各种豆腐的做法】看豆腐百变美味 麻婆豆腐 客家酿豆腐 糖醋豆腐 鲫鱼豆腐汤~果断收藏更多美食技能 请关注我！	0
时间一天天过去，好像什么也没改变，但当你回头看，一切都变了。	0
情侣间的睡姿！[害羞]亲爱的， 我要和你睡遍所有的姿势！	0
杰哥，杰哥，我逮到一只鸟，这么的吧，我数一二三，我把盆拿来，你把手伸进去拿 [doge]友尽！！！http://t.cn/RUOrBR2	0
安妮·海瑟薇 33岁生日快乐！[蛋糕][心]	0
每当我遇到极度讨厌的人时，我的脑海里便会浮现出一句 “老天又派傻逼来考验你了”，然后一想到这我也就随之释然了 。 ——不开心了，看看这句话。	0
唱出一句能让你瞬间high起来的歌词___________。	0
不要后悔。不管做了什么选择，是不是正确的选择。不后悔。时间不可能倒流，每个人都要为每个人的过错承担责任。一个成熟的人要懂得为自己的行为负责，错过的就回不来了。	0
很酷的发明，谁告诉我哪里有卖的。	0
教吃货们几款小零食的自制方法，自己动手，丰衣足食~一起来新技能get！	0
"“姑娘，别再想着为了任何人改变自己了，什么变瘦变白变淑女改变小暴脾气小心眼，说白了都没用。尽管做最真实的自己，自然会有人来好好爱你。” ""请关 注我，这里总有一句是你想说的话“"	0
#生活经#【实用贴】多少心爱的衣服因为污渍弃置过？衣服除污渍大全转起！非常实用！	0
你现在知道了吗[doge]？http://t.cn/RU0AsM1	0
果真是红颜祸水，股事一出，必定笑尿！！ http://t.cn/RAjIqWy	0
新垣结衣笑颜合集，治愈萌，各种甜！	0
很火的一组图，看完笑哭了！！！	0
邓超版《踩踩踩》哈哈哈哈哈哈，超俪嗨！我才看了不下十遍！ http://t.cn/RyuhicO	0
"【xportsnews】[允儿为韩国高考生助威加油~]12日,允儿更新了ins照片,并写道""Good Luck.高考结束. 正在排练少时演唱会""~"	0
我要的不多，一个平平淡淡 陪我走到最后的爱人。几个疯疯癫癫 陪我二到永远的朋友。	0
2013年新假币…………速速转发你身边的朋友，让他们别上当了。。。@江宁公安在线	1
新的假人名币来了，100元的假币编号分别是：CE86，CH3，HB90，WJ1。50元的假币都是以FA开头，赶紧扩散吧	1
看國外新聞說：演員尼古拉斯凱奇（Nicolas Cage），滑雪身亡，1964-2013，年仅49岁。[吃惊][抓狂][思考]真的假的？！[泪][蜡烛] @上海派對SHClubbing	1
@高军: 军区副司令很牛逼，儿子在境外药迷性侵女士！@老沉	1
【警惕境外势力】两会将要召开，建议有关部门时刻保持警惕，防止境外势力腐化人民公仆和分裂祖国。	1
@蔡成平：中国人只知道日本死不認罪，又有誰知道南京大屠殺紀念館是日方再三提議、且主動出資、并負責設計修建的呢？	1
确实死了，[蜡烛][蜡烛][蜡烛][蜡烛][蜡烛]	1
[蜡烛]尼古拉斯·凯奇（Nicolas Cage，1964年1月7日－2013年1月17日）2013年1月17日(北美时间)因滑雪意外丧生。新闻链接： http://t.cn/zjDmviG	1
【 #尼古拉斯•凯奇因滑雪意外事故死亡#】[蜡烛]   http://t.cn/zjDEOJA  @新浪娱乐	1
【郭美美申请低保，居然获准通过！】郭美美对记者说，她其实就是一个失业人员，并不是大家想象的那样。她还说：她已经向政府申请了低保，目前已经获批。	1
【郭美美申请低保，居然获准通过！】郭美美对记者说，她其实就是一个失业人员，并不是大家想象的那样。她还说：她已经向政府申请了低保，目前已经获批。更多爆料请关注@史官在线	1
【转自网易】首尔、台北、北京的公车数量分别是：47辆、20辆、70万辆。这不是腐败，这是腐朽！	1
哈哈哈~~我实在找不出任何语言了[哈哈][哈哈][哈哈]	1
【坑爹军犬】钟轩宇PK李天一，再次证明：手握重兵的将军比只会唱歌的将军厉害多了! @甘元春律师	1
【这个……】这个可以有吗？不知道如何理解？@袁裕来律师	1
【广州伪娘coser 遭黑人强暴，路过维吾尔族商贩拔刀相助】。。。这信息量。。。。	1
【帝都是怎么了？[震惊]】@米娜33：今儿北京毒气爆表，晚上10点我家水龙头放出来的水成这样儿了，一盆毒死你！奉劝大家这两天儿大家还是把自来水儿给戒了吧！！！！[围观]	1
[蜡烛][蜡烛][调查地沟油的记者李翔，死了] 身中10余刀，惨死。他为全国不能吃特供的十多亿人民的食品安全努力过。他付出了年轻的生命。请动一下鼠标，转发，表达一下谢意。不过分吧？恭请转发！	1
最近出现新骗子，让单独带孩子的家长帮忙照相，当家长拿着相机拍照的时候就会出现眩晕。然后孩子就被抱走了。沈阳出现两起，深圳也有妈妈上当。各位爸爸和妈妈们注意下…… 顶起让更多人看到！（糗百网友）	1
【央视采访，为领导手腕打马赛克】网友爆料称：央视《焦点访谈》栏目播放关于共和国脊梁评选活动造假之事采访民政部门领导之时，将其手腕部门打上马赛克遮住。	1
【央视采访，为领导手腕打马赛克】网友爆料称：央视《焦点访谈》栏目播放关于共和国脊梁评选活动造假之事采访民政部门领导之时，将其手腕部门打上马赛克遮住。via:柏举散人	1
【在家自杀，利国利民】为降低伦敦地铁自杀率，伦敦市政府制作了一系列公益广告。给你跪了~~~（汉化： 纳兰性急） [转]	1
【紧急通知】新版假币又来了	1
司机！司机！司机！ 交通新规2013年7月1日施行： 小孩坐副驾，六分三百元！ 各种扣分伤不起啊[泪] [泪] [泪] 转给你有车的朋友 喜欢就关注 @风流段子	1
2013年北京市小客车摇号办法	1
这位先生，真是白岩松？	1
在德国，汽车、公司都无需年检。 问德国人：汽车不年检，坏了怎么办？ 答：自己修车。 问：德国政府为何不强制年检？ 德国人反问：谁给了政府这个权力？如果政府对年检感兴趣，说明这种事对它有好处。	1
【广州伪娘coser 遭黑人强暴，路过维吾尔族商贩拔刀相助】。。。这信息量。。。。[吃惊]	1
【广州伪娘coser 遭黑人强暴，路过维吾尔族商贩拔刀相助】。。。这信息量。。。。[汗]（转）	1
这新闻看得我彻底凌乱了，堪比大片啊！【广州伪娘coser 遭黑人强暴，路过维吾尔族商贩拔刀相助】。。。这信息量。。。。	1
年底了，是治安最差的时间！最近又有新骗术出现，而且手段恶劣！大家记住以外希望也多转发，也许你的一条转发就可以救你一个好朋友的财产和性命的安全[爱心传递]	1
【紧急通知】新版假币又来了![吃惊]千万不要上当了，果断转给身边的朋友吧~【S】	1
第六套人民币增加1000，500，200面值，材质为塑料材质，类似于澳元，PS：面值越来越大，版面越来越差！	1
我只是一个烤羊肉串的。	1
【紧急通知】新版假币又来了!千万不要上当了，果断转给身边的朋友吧~ By曼布网	1
[话筒]【紧急通知】新版假币又来了!千万不要上当了，果断转给身边的朋友吧~ By曼布网	1
【紧急通知】新版假币又来了!千万不要上当了，果断转给身边的朋友吧~☑一个南京人必须关注的微博，推荐关注@南京头条	1
【 调查地沟油的记者李翔，死了 】 身中10余刀，惨死。他为全国不能吃特供的十多亿草泥马的食品安全努力过。他付出了年轻的生命。请动一下鼠标，转发，表达一下谢意！	1
#社区突发#【这两天别呼吸，自来水也戒了吧！！！！】今晚10点：@米娜33：今儿北京毒气爆表，我家水龙头放出来的水成这样儿了，一盆毒死你！#我家水龙头会喷鹤顶红#	1
今日爆炸性新闻！！！@京华时报：@头条新闻：“赵本山涉黑转巨资被扣留”！ 想不到！有点意外！有点惊讶！有点不敢相信！[吃惊]	1
[话筒] 你很可能不知道[围观] 加油员的这个小动作了。。。[心] 有车的朋友要注意了啊！！！[汗]（转）	1
【紧急通知】新版假 币又来了！千万不要上当了 ~via广州乐分享	1
转[爱心]帮忙转一下，一名北京三中的学生，叫谢露，13岁，消失几天了，他爸爸的号码是18611098634，或者18210183168，爱心接力，我的好友们都帮她忙转下，必有好报 ！！[爱心]	1
有需北京户口的青年请速洗干净到湖北大厦报名咨询！著名女士也可报名！	1
坐鸟10年火车，五元的盒饭见所未见，闻所未闻，如今则个竟在央视上出现鸟。五元的盒饭啊，列车长还说，吃不饱还可以加饭。套用郑渊洁的话说：童话都不敢这么写。	1
农民工小秦取款7600元已被银行证实，而17600系其撒谎。另：网友试验过，176张100元钞票难以放入牛仔裤口袋，即使放入，也无法坐下骑电瓶车。 我在:http://t.cn/zY5JWZp	1
⚠转发: 帮忙转一下，一名北京三中的学生，叫谢露，13岁，消失几天了，他爸爸的号码是18611098634，或者18210183168，爱心接力，好友们都帮她忙转下，必有好报 。转发	1
求真相！【公务猿】功夫真好！胆子真大！脸皮真厚！据说是某某厅长助理跟女部下偷欢时，被女方爱人堵个正着，情急之下，竟然从8楼窗户爬出，裸体逃跑。http://t.cn/zYby1mh	1
曾经震惊一时的猪人！！！据说现在还活着。。。 http://t.cn/zYGzGRK    [威武]发生在世界各地的震惊事件！颠覆你的三观！！欢迎关注！！@只为震惊你	1
这人啊，一旦有了名气..	1
你很可能不知道加油员的这个小动作了，有车的朋友要注意啦~	1
铁道部能否出台一项龟腚管理下列车卧铺乘客的穿着啊？此俄女完全无视旁人。一万头卧槽泥马从我胸中呼啸而过啊！[吃惊]	1
帮忙转一下，一名北京三中的学生，叫谢露，13岁，消失几天了，他爸爸的号码是13207866970，爱心接力，我的好友们都帮她忙转下，必要有好报 ！！！	1
感动中国！！！	1
新版微博个人主页过两天就上线了！包括访客到访和被转发评论次数等新功能。参考图如下，来自：@AlvinShing	1
二月十八号下午 酒泉中学一名同学不满学校 自购炸药炸毁学校一栋教学楼。此事已被中央高度重视。这么多年来 炸学校的心愿终于被达成了！！	1
【调查地沟油的记者李翔惨死」身中10余刀，惨死。他为全国不能吃特供的十多亿人民的食品安全努力过。他付出了年轻的生命。请动一下鼠标，转发，怀念这位英雄！	1
也许小小常识会捡回一条命！	1
[怒]@奇闻趣事365 【调查地沟油的记者李翔，死了】 身中10余刀，惨死。他为全国不能吃特供的十多亿人民的食品安全努力过。他付出了年轻的生命。请动一下鼠标，转发，表达一下谢意。不过分吧？恭请转发！	1
喜羊羊被法国禁播了，理由是影响儿童智力发育	1
cctv应该向上海和上海人道歉！这不是“上海耻辱日”，而是安徽耻辱日！	1
演唱《党啊！亲爱的妈妈》的殷秀梅女士和蒋大为先生，都是美利坚合众国公民，美国国籍，他们两个还是现役中国大陆军人。我只能说，这他妈的太搞笑了。。	1
【五天享用一名幼女的市委书记，难道是真的？】这个帖子几天没有和谐，请新浪小秘书核实，但愿是假的，偶的想象力不够用。	1
#北京说事#坐鸟10年火车，五元的盒饭见所未见，闻所未闻，如今则个竟在央视上出现鸟。五元的盒饭啊，列车长还说，吃不饱还可以加饭。套用@郑渊洁 的话说：童话都不敢这么写。（两位大厨实在看不下去了~~）	1
请大家协助缉拿通缉犯！快转！[威武]	1
路边社消息：新高一的以后考全国卷了而且不分文理共9科，新高二的会考加大难度和监考力度，成绩计入高考总分，新高三的体育成绩计入高考总分。[蜡烛]	1
【广东经典名菜：三叫】刚出生的老鼠仔，直接生吃！[衰] 当筷子夹起来的时候老鼠仔会叫一声；沾酒的时候会再叫一声；送进嘴里的时候会再惨叫一声！ 美食神马的有时候真是难理解啊！！[生病]	1
【广东经典名菜：三叫】刚出生的老鼠仔，直接生吃！[挖鼻屎]当筷子夹起来的时候老鼠仔会叫一声；沾酒的时候会再叫一声；送进嘴里的时候会再惨叫一声！ 美食神马的有时候真是难理解啊！！[生病]	1
网传这是新浪微博中午抽风的原因。。。。[生病]	1
据说这是今天中午新浪微博上不去的原因……	1
【中午新浪员工因下载爱情动作片 导致微博挂掉】大公司下载速度就是牛逼！！！	1
【中午刷不开新浪微博，原来是这样。。】人家45分钟下了42G，果然是大公司	1
帮忙转一下，一名北京三中的学生，叫谢露，13岁，消失几天了，他爸爸的号码是186-1109-8634，或者182-1018-3168，爱心接力，我的好友们都帮她忙转下，必有好报 ！！！	1
【年关提醒：新版假币又来了！】千万不要上当了~[话筒][话筒][话筒]（转发周知）	1
河南漯河房管局副局长枪顶记者头问“要不要一枪打死你”？ 局长说，下次再敢来采访一枪打死你	1
重庆市人民政府新闻办公室发布公告称：肖烨等人采取色情勾引、秘拍不雅视频等手段,敲诈数名党政干部和国有企业负责人,肖烨等人已被批准逮捕。官员被免职。重庆，您想转移话题？@老榕 @谓贤 @元芳视角	1
2月26日 早上八点二十六分，李天一已经获得取保后审，现正回家中。	1
河南漯河房管局副局长枪顶记者头问“要不要一枪打死你”？ 局长说，下次再敢来采访一枪打死你。哎，在中国做记者。。。	1
她，没有编制，没有财政拨款，没有固定办公场所，靠一人之力，扛反腐重任，已拿下11位厅级贪官，还有近20位即将归案，战斗力远超地市级检察院。——记年度“全国反腐创先争优先进个人”赵红霞同志。	1
赵红霞，你不要编制，不靠拨款，没有两规措施，没有组织后援，靠一人之力，凭一张床，扛反腐重任，已拿下11位厅级贪官，还有20位高官已锁定目标，你让纪委、反贪局的同志情何以堪?	1
你们都错了，字幕打错了，配音也配错了，不是5块钱的盒饭，是5块钱的饭盒。	1
你很可能不知道加油员的这个小动作了，有车的朋友要注意了啊！！！（by谈笑古今-） @袁裕来律师 @左小祖咒 @老徐时评 @徐昕	1
真相了	1
在叙利亚战火弥漫血肉横飞的时候，该国一名女子打出来的一幅标语让中国人震惊：“中国：你们的道德比你们的产品还垃圾。” http://t.cn/zjHZYN3	1
调查地沟油的记者，李翔，死了，身中10余刀，惨死。他为全国不能吃特供的十多亿人民的食品安全努力过。他付出了年轻的生命。请动一下鼠标，转发，表达一下谢意@王克勤 @王跃文 @薛蛮子	1
查地沟油的记者李翔，死了, 身中10余刀，惨死。他为全国不能吃特供的十多亿人民的食品安全努力过。他付出了年轻的生命。请动一下鼠标，转发，表达一下谢意。不过分吧？恭请转发！[蜡烛]	1
#早安#【第11版新华字典让我们高中都白学了】地壳qiao改为地壳ke，阿e房pang宫改为阿a房fang宫，心宽体胖pan改为心宽体胖pang……[衰]	1
来自湖南的代表最关心妇女：开完大会开小会，时刻专门为妇女来工作！本报共有人民代表为人民全心全意为妇女服务39张，详细内幕容本报一一公布。另外，还有46张，已和@司马南 联系好！十天之内全部公布。	1
杨澜原话：虽然我入了美国籍，但我出身于中国，所以从原产地角度而言，我不出席美国两会而出席中国的两会是“天经地义”。不知道她的奥巴马总统怎么看？	1
【第11版新华字典让我们高中都白学了】地壳qiao改为地壳ke，阿e房pang宫改为阿a房fang宫，心宽体胖pan改为心宽体胖pang… [衰]	1
深圳：又是猛料，深圳最高楼-京基100在澳门被老板陈华输掉了，正在办过户手续。来自@水煮吴先生 网评：这是真的吗？求证？？？	1
网友爆料，京基董事长陈华今天在澳门赌博已经输掉了京基100，现正办过户手续。未必是真的，供大家参考，但远离赌博，珍爱生命，永远是对的！	1
昨日福建省泉州市警察局抓到几个拐卖小孩犯罪团伙，现场获救了一名5岁的小孩。因他还小，说不清楚自己家的详细地址和家里的电话。 只知道他是云南昭通市人！请看到的每一个朋友都能帮忙转一下！	1
2013年新版驾驶扣分规则详解图，留存备用~（转）	1
【 混蛋尊严】国-务-院文学专家谢丁河说：就官员和普通女性发生性关系的新闻报道，如果用”嫖”字眼，显得太不尊重官员了，应该使用”宠幸”一词。@-宁死不屈-	1
【官员的混蛋尊严！[怒]】国务院文学专家谢丁河说：就官员和普通女性发生性关系的新闻报道，如果用”嫖”字眼，显得太不尊重官员了，应该使用”宠幸”一词。	1
@炎黄秦火火: 广西自治区副主席孙瑜也出事了！他与情人的艳照曝光，目前正在被调查。评：让官员艳照来的更猛烈些吧！@焦点联播 @袁裕来律师 @中国微闻 @历史断片 @晓玲有话说 @观点联播V	1
【这料太猛!五孩子是被割肾？】破天旋风刀: 求证！让李元龙记者出来！垃圾箱内如何烧东西？还有五个人呢？最先爆料者李元龙失踪了，这又是在掩盖什么？（转）@孔智勇先生 @吴其伦 @胡象堃 ，你们如何看?	1
【2013年新版驾驶扣分规则详解图[话筒]】2013年新版驾驶扣分规则详解图~转给司机朋友们吧~~（图自网上车市）	1
阿婆厕所捡婴儿 被计生干部查获后活活摔死 http://t.cn/zjyQlyX 跟 @平安武汉 求证。	1
杨振宁【物理学与佛教】佛教与科学是彻底相容的 因为对科学感兴趣，我高考时报考了物理系。在大学读书时及毕业后就对佛学兴趣日浓。今天我想从科学的角度谈谈我的佛教观。 佛教是科学的、理性的…… @牟原山	1
【这料太猛!五孩子是被割肾？】破天旋风刀: 求证！让李元龙记者出来！垃圾箱内如何烧东西？还有五个人呢？最先爆料者李元龙失踪了，这又是在掩盖什么？（转）via @贝月森	1
这个小女孩是维吾尔族，五岁，骗到广西南宁逼做小偷。好心人们把她从到公安局，她说她老家是阿克苏她很想回家！朋友们多传一下。帮助她早点找到父母！！！谢谢……	1
【注意了，新骗局来了！！！ [怒] 】1)真假快递员？2）危险的免费钥匙圈；3）神秘的10086电话....可怕的是这三个骗局已经致使无数人上当受骗！！（转）提醒一下朋友吧。。。[话筒]	1
【注意了，新骗局来了！！！】1)真假 快递员？2）危险的免费钥匙圈；3）神 秘的10086电话....可怕的是这三个骗局 已经致使无数人上当受骗，提醒一下侬身边额朋友~~大嘎扩散起来～[话筒]	1
印度惊现三头蛇	1
地壳qiao改为地壳ke，阿e房pang宫改为阿a房fang宫，心宽体胖pan改为心宽体胖pang，新华字典的最新修正让我们高中都白学了。。。[泪]	1
当这个截图发群里时。。。我忍不住了。。。	1
。。。原来还有后续的	1
美国高二的数学... 请用一句话概况你的感受！❤推荐关注@笑死偶了	1
目前见过最大的王八！据怺逺啲兲岼微博， 今天中午11点左右，在湖州市南浔新桥下面的河里面，发现一只400多斤的甲鱼。。。10几个人，才把它抓起来。@钓技知识大全 @快乐垂钓网 @蔡奕微 @艾素	1
搜狐新闻:【明日将有大事发生，解放军大动作震动美日】 东海舰队万炮齐鸣，目标钓鱼岛：http://t.cn/zlkYeN0 @侯宁 @王利群 @袁裕来律师	1
注意了!新骗局来了![话筒][话筒][话筒]	1
因付不起孩子的高昂医药费，一年轻妇女抱着4个月的小宝宝，从宁波妇幼医院住院楼顶纵身跳下，母子双亡。若这样的死不能刺激我们的神经，那只能说明我们也死了。	1
人命关天，快报警！	1
请好心人帮忙转发，特别是@黄海冰 @胡歌 @文章同學 @赵薇，麻烦尽你们一份微力量吧，谢谢！	1
云南一只母猪生下8个小孩=震撼全世界！更多奇猪异事请点击http://t.cn/zjhZUwC	1
【千万注意！新骗局来了！！！】1)真假快递员？2）危险的免费钥匙圈；3）神秘的10086电话....可怕的是这三个骗局已经致使无数人上当受骗，提醒一下朋友吧。。。转	1
地壳qiao改为地壳ke，阿e房pang宫改为阿a房fang宫，心宽体胖pan改为心宽体胖pang，新华字典的最新修正让我们高中都白学了。。。	1
据说新华字典的最新修正版中，地壳qiao改为地壳ke，阿e房pang宫改为阿a房fang宫，心宽体胖pan改为心宽体胖pang。。。[黑线] 好吧，主页君表示高中白学了[泪]	1
毛将军休闲照。。。。	1
地壳qiao改为地壳ke，阿e房pang宫改为阿a房fang宫，心宽体胖pan改为心宽体胖pang，新华字典的最新修正让我们高中都白学了。。。[抓狂]	1
#十八岁了你想结婚吗#十八大通过，男女年龄满十八周岁可以结婚登记了，不再过去的男廿二，女廿岁的了[给力][太开心]。 关注@爆料社区	1
地壳qiao改为地壳ke，阿e房pang宫改为阿a房fang宫，心宽体胖pan改为心宽体胖pang，新华字典的最新修正让我们高中都白学了。。。😲😱	1
【注意了，新骗局来了！！！】1)真假快递员？2）危险的免费钥匙圈；3）神秘的10086电话....可怕的是这三个骗局已经致使无数人上当受骗，提醒一下朋友吧。。。	1
小子比李刚儿子还牛！一位女孩从肯德基门口，不小心碰了一下这位富二代，姑娘道了歉，二代一脚踢向姑娘腰部，姑娘滚下台阶，男的继续施暴，姑娘昏觉。这位富二代叫嚣“我认识季叔，谁也不能把我怎么样	1
【交通新规】2013年1月1日交通新规就要正式实行了，开车的朋友看过来！！	1
数名城管正在丧心病狂地掠夺价值过亿的街边财物。	1
毛泽东用过的电影放映设备及豪华个人影院，专看进口片和“内部片”。可那时候，民间有人偷听个邓丽君就被枪毙或判刑了。	1
延安女城管（双脚跳起踩头男城管之妻，视屏中穿黄色上衣躺在地上装死的那个女城管）遭人肉，相册被破解艳照流出。。。哼[哼] （图片制尺度大，未成年人勿点 资料来自网络，老崔不负文责！[哼]）	1
【网爆延安打人女城管艳照】延安女城管遭人肉，相册被破解艳照流出！霸气侧漏。网友戏称其：白天打人，晚上吃人！转发！！	1
2012年2月3日当地时间下午3点41分有个印度妇女生育了11个小孩！ 瞬间就被震惊了	1
当年那道光 长野博(真角大古） 2013 4.25因车祸去世了，童年里的那位英雄那道光。	1
牙膏底部的短线，绿色天然的。蓝色天然加药物，红色药物家化学，黑色纯化学。童鞋们~今后购买要记得～	1
看了 心绞痛 眼泪都会掉下来 [蜡烛][蜡烛][蜡烛]	1
网友真厉害！马赛克太多了些！——【网爆延安打人女城管艳照】延安女城管遭人肉，相册被破解艳照流出！霸气侧漏。网友戏称其：白天打人，晚上吃人。	1
党和国家最低领导人签发的红头文件。颤抖吧，你们！	1
延安城管控股集团董事会秘书郑媛媛被肉，这就叫：恶人反被恶人操，能人背后有人弄。	1
#5facts# 2010年中国失踪的女婴/女童达2400万。来源：联合国人口基金会。摄影：Carlos Barria。（本期完）	1
@無名：神九燃料2万美元一千克，共需450吨，神九油钱就630亿。然而，中国免费教育需要600亿。可怜哪些贫家子弟呀	1
【重要提醒！花露水属易燃品 涂完别马上做饭】夏天来了，蚊子也来了，需注意的是：花露水属易燃品，涂抹完之后不要马上做饭、抽烟等。花露水的酒精浓度达70%-75%；且燃点低，一般24℃就能燃烧。	1
2013年6月17日下午六点十五分在喀纳斯湖三道湾成功打捞湖怪，长十米零七，大家来看看！[吃惊]	1
成都二环路果然是一个败品，开通几天晒了几天太阳就娇羞的出问题，淋了场雨就尅以看瀑布。。。	1
各位施主，快出来看瀑布，黄果树还敢说自己是最宽最长的吗？	1
成都今晨!	1
全国至少工行瘫痪，建行中行ATM服务也大面积异常，柜台有限度提供服务。或许风暴真的来了	1
是在收徒还是在拍黑帮大戏呢？？	1
你不以权谋私，你不包二奶，你不搞世袭，你不搞强拆，你不是表叔、你不是房叔，你不身处法外之地。。。网络就不是你的眼中钉肉中刺！@袁裕来律师 @徐昕	1
查地沟油的记者李翔，死了, 身中10余刀，惨死。他为全国不能吃特供的十多亿人民的食品安全努力过。他付出了年轻的生命。请动一下鼠标，转发，表达一下谢意。不过分吧？恭请转发！[蜡烛][蜡烛][蜡烛]	1
【今日最猛料】延安打人女城管郑媛媛遭人肉，相册被破解艳照流出。	1
[话筒][话筒][话筒]延安：女城管遭人肉 相册被破解艳照流出	1
别用正在充电的手机接听电话，关爱自己，切记！！！！！【转】（@女生要懂的智慧）	1
云南省昆明市宜良县的一个小山村发生一件怪事，一只母猪居然生下8个男婴儿。在场所有人都不敢相信自己的眼睛！各国专家赶到现场后都无法解释这一奇特迹象！这将成为世界历史上的又一个未解之迷！	1
一群畜生竟然吃婴儿，这是一个怎样人吃人的社会，我诅咒你们全家不得好死[怒][怒][怒骂][怒骂]，你们下辈子变猪变鸡被孩子们吃掉。愿孩子们在天堂幸福快乐[蜡烛][蜡烛][蜡烛][蜡烛]	1
台湾立法委上大陆微博，没勇气再看下去了......@袁裕来律师@元芳视角@焦点联播@隆裕太后	1
这条微博，完全可以证明大陆网民，抗病能力超人！转@2条新闻 ：台湾立法委上大陆微博，没勇气再看下去了......	1
快讯：华夏银行嘉定支行现遭到挤兑现在关门了！！！其中一储户损失1300万元！！！@警民直通车-上海 @宣克炅	1
打扰大家啦。，帮忙转发一下，一位叫陈思姚的男孩，21岁，请速回康平县人民医院，妈妈伤的很严重，想见她最后一面，爸爸号码：15193383486，爱心接力，不转对不起自己，好人有好报	1
【小哥频道】赵本山涉黑，再次被抓，证据确凿。子虚大师卧底赵家堂口，冒生命危险，拍到黑帮内部拜大哥仪式。党朝生产的艺术家都是什么破玩意？·····[衰]@原子漫画	1
最近很火的延安城管踩人事件：女城管郑媛媛管遭人肉 相册被破解艳照流出 http://t.cn/zHOrWks	1
出大事了！一小伙在酒吧被阉割！场面震撼 -    http://t.cn/zjMJm3y	1
【酒吧一帅气男子当场阉割，场面惨烈！！！】北京市昨天 某酒吧 一黑E牌照的白色保时捷 下来4个人 进入该酒吧 将一帅气男子当场阉割 场面惨烈.... ps:这是得罪了哪位大哥啊。。。。。。	1
昨天 某酒吧 一黑E牌照的白色保时捷 下来4个人 进入该酒吧 将一帅气男子当场阉割 场面惨烈.... ps:看你们男人还乱上床么 自作自受了吧 割你个措手不及	1
【浙江男子酒吧被阉割！ 】这个惨了！！浙江湖州莉丽玛莲酒吧，一帅哥被阉割了！！[震惊]  场面好惨烈啊！！感脚好痛的样子！！喊你们混酒吧，这哈把小鸡鸡也混脱球了哇！！[衰]	1
一只幼猴紧紧搂住即将“活取猴脑”的妈妈，图片来自天涯，动物也有亲情，看了很伤心，吃了断子绝孙	1
前几天湖州莉莉玛莲有人被人在酒吧当场把小鸡鸡给切了，而且事情闹大了，我猜大概是男模上了哪个大哥的女人吧，天啊，太恐怖了，酒吧果然不适合我这种很乖的文艺青年~[生病][泪]	1
帮忙接力下： 陈女士在18中附近捡到一个叫李亚成的高考准考证，望李亚成看到后与陈女士联系。联系电话：13453112081 大家帮忙转起来，高考临近希望他能顺利参加高考。	1
【宁波房屋倒塌事件】现场抬出30多具尸体，清理只在晚上进行。	1
大家切記！別亂溝女 ..好恐怖好恐怖[吃惊]～@四眼妹Ade 投稿 【更多情侣事，推荐关注@粤语情感线】	1
【催泪】小猴子抱着即将被活取猴脑的妈妈，看了你会诅咒那食猴脑的动物…❤假如触动了你的心，请关注@1万张催泪图片	1
2月30号，我们在休假，蒙牛却在为我们生产良心奶[泪]	1
新闻上看到的，恶心的官员	1
@钢铁侠Z : 2月30号，我们在休假，蒙牛却在为我们生产良心奶 [good]	1
#雅安7级地震#【熊猫宝宝地震了也会找警察 】雅安是大熊猫栖息地之一，大熊猫保护中心碧峰峡基地距芦山县约20公里，内有百余熊猫。图为一只害怕的熊猫死死地抱住警察叔叔的腿。	1
今天在震区，1只小熊猫紧紧抱住警察叔叔的腿。。。	1
感动又被萌翻，地震发生期间一位警察救起了一只压在木板下的一只大熊猫当警察准备离开时熊猫死死地抱住警察叔叔的腿。如果你感动了，请转发一下把。地震无情人有情，为雅安祈福。[蜡烛]	1
中国红十字总会是唯一不加入国际红十字会的Y十字。因为加入须在人事安排、行动、管理等方面符合国际规格,且账目须公开,中国红十字总会以干涉我国内政为借口不加入。转。	1
@雅安寻人 #雅安寻人#@BULE-H：打扰一下，帮忙转发一下，一名中学生，叫周榆棍，17岁，请速回平山县医院，妈妈伤的很严重，想见她最后一面，爸爸号码：18332383039爱心接力，好人有好报	1
@关爱流浪猫 雅安那一带是野生大熊猫的栖息地，地震后，见到救援人员的大熊猫生怕他们离开，紧紧地抱住救援者，兽犹如此，人何以堪？ [泪]	1
大家再次感受下.....	1
@中国红十字会总会 今天两个中江县红十字会的人来我们这里购买了1万多元的救灾药品，但要求我们开5万多元的发票。我们（成都制药一厂）没有答应，结果隔壁通化一家药厂经营部开给他们了	1
红十字会，必须做出解释！	1
感动，地震发生期间一位警察救起了一只压在木板下的一只大熊猫当警察准备离开时熊猫死死地抱住警察叔叔的腿。如果你感动了，请转发一下把。地震无情人有情，为雅安祈福。	1
大家挺起来//分享网易跟贴:[揭秘]壹基金怎成捐款主渠道 http://t.cn/zTisZcR @网易新闻客户端	1
这么快就删了啊…幸好有截图，重新转起来，给红十字会一个机会[呵呵]@大白兔King仔 @Annie0223 @珍珠米和小碎米	1
看到这条消息，异常寒心，这就是红十字会官员吗? ? ?	1
中国的红十字会啊	1
三星捐了6000W，恒大2000W，蒙牛1000W，百度500W，网易500W。这TM到底富了谁。红十字买1W的药品，却要求开5W的发票。TM到底多少人靠这次地震发了财！CNM有本事来查我家水表啊	1
什邡人吴斌实名揭露红十字会贪官，请转发！	1
人家都实名发帖了。渣浪要么证实这是不实消息。删什么删。继续顶起来。狗改不了吃屎。[鄙视][鄙视]	1
感动又被萌翻，地震发生期间一位警察救起了一只压在木板下的一只大熊猫当警察准备离开时熊猫死死地抱住警察叔叔的腿。如果你感动了，请转发一下把。地震无情人有情，为雅安祈福。	1
感动又被萌翻，地震发生期间一位警察救起了一只压在木板下的一只大熊猫当警察准备离开时熊猫死死地抱住警察叔叔的腿。如果你感动了，请转发一下把。地震无情人有情，为雅安祈福。#微博桌面截图#	1
在微信上看到： 有人求救，这是内容 “雅安燕西路156号，被压在下面。 一条腿已经没感觉了。有没有救援队或好心人在附近啊？” 求扩散，附近的朋友快救人。  求转发！	1
#地震温情# 感动又被萌翻，地震发生时，一只害怕的熊猫死死地抱住警察叔叔的腿。	1
震中情况	1
[泪][泪][泪][泪][泪]天哪！	1
祈祷！！！！！！[蜡烛][蜡烛][蜡烛]雅安！！！！	1
雅安现在急需援手，请开车的朋友出行主动避开永丰路和成雅高速，现在救援车出动，请一定要让出生命通道，谢谢您！！	1
请大家转发！社会车辆让出成雅高速！留出道路给救援队医院和部队车辆，黄金72小时！时间就是生命！PS：照片是雅安现场	1
#420雅安地震#余震不断，悲惨一幕继续发生，祈祷中！[蜡烛][蜡烛]	1
最新消息，庐山大部分老房子已经坍塌，已有伤亡，成都双流机场一度关闭，为了缓解交通，没紧急事不要前往雅安。四川雅安庐山县地区非紧急情况请尽量少使用移动电话，保证紧急通讯通畅。求扩散！[话筒] [蜡烛]	1
04月20日08时02分【四川雅安发生7级地震】祈祷平安！[蜡烛][蜡烛][蜡烛][蜡烛]	1
【惊天爆料】求证？	1
【强烈求扩散】  帮忙转发一下，一位叫徐敬的女孩，21岁，请速回雅安水城县人民医院，妈妈伤的很严重，想见她最后一面，爸爸号码：15193383486，爱心接力，好人有好报	1
帮忙转发一下，一位叫徐敬的女孩，21岁，请速回水城县人民医院，妈妈伤的很严重，想见她最后一面，爸爸号码：15193383486，爱心接力，好人有好报	1
一名中学生，叫周榆棍，17岁，请速回平山县医院，妈妈伤的很严重，想见她最后一面，爸爸号码：18332383039爱心接力，好人有好报	1
#四川雅安地震#[可怜]感动又被萌翻了，地震发生时，一只害怕的熊猫死死地抱住警察叔叔的腿。[泪] 我点评了http://t.cn/zTJfQgQ	1
[爱心传递][爱心传递][爱心传递]感动又被萌翻，地震发生时，一只害怕的熊猫死死地抱住警察叔叔的腿。#众志成诚、抗震救灾、雅安加油#[爱心传递][爱心传递]爱心传递！为雅安祈福！[蜡烛][蜡烛]	1
#地震温情# [可怜]感动又被萌翻，地震发生时，一只害怕的熊猫死死地抱住警察叔叔的腿。[泪]转	1
#地震温情#这个可爱又怕死的大熊猫，见到警察叔叔的那一刻紧紧抱着他的腿，感动又想哭。[可怜][泪]#天快黑了，灾区的人民怎么度过这个夜晚。又还有多少人等着我们去救。#[泪]	1
[可怜]#地震温情# 感动又被萌翻，地震发生时，一只害怕的熊猫死死地抱住警察叔叔的腿。[泪][泪]@于建嵘	1
感动又被萌翻，地震发生时，一只害怕的熊猫死死地抱住警察叔叔的腿。[心]	1
帮忙转发一下，一位叫徐敬的女孩，21岁，请速回雅安雨城人民医院，妈妈伤的很严重，想见她最后一面，爸爸号码：15193383486，爱心接力	1
芦山县的灾区照片，伤亡人数已经上百，大家一起为雅安祈福[心][心][心]	1
留存！ 我在:http://t.cn/zT6Iswt	1
印度一妇女一次性产下一支足球队，创世界记录！	1
香港警方宣布，全球最大充气大黄鸭遭到大陆沈阳旅行团胡某投掷30多个烟头后爆炸漏气。胡某一边投掷烟头并向边上的游客声称“不信弄不死你”。大黄鸭倒下后经过导游指认胡某被警方收监。	1
【还有什么是可以放心吃的？】@亮兄本尊：用一次性筷子做笋干炒肉，好吃哦	1
用一次性筷子做笋干炒肉 http://t.cn/zTedBvi	1
菲律宾精英特种部队中校帕奎奥对南海局势发表强硬讲话。他揶揄某国军队只能在踢正步项目上世界第一。帕奎奥中校的话引起在场各界人士一片笑声。	1
最新通知：國內海關新規定，今年6月1日之後所有進入中國境內的包裹以及任何形式的運輸容器中不能有超過2罐的奶粉，超過的話要如數退回，消息確鑿，中國海關已經通知了各大物流運營商，各位媽媽們趕緊囤貨了！	1
【转帖】今夜，三牌楼大街，亲身经历绑架事件 南京的姑娘都长点心了！！！现在人贩子太恐怖了！！！！ 原帖地址：http://t.cn/zHwjZDd	1
【全国人民死不瞑目的日子终于要来了】国家卫生计生委表示，正在制定强制性文件，将适时要求全国每一例死亡后捐献器官。 马勒戈壁的，死人都不放过！	1
【转帖】今夜，三牌楼大街，亲身经历绑架事件 南京的姑娘都长点心了！！！现在人贩子太恐怖了！！！！via@宫小欣等等等等等等等  原帖地址：http://t.cn/zHwjZDd	1
【转帖】今夜，三牌楼大街，亲身经历绑架事件 南京的姑娘都长点心了！！！现在人贩子太恐怖了！！！！via@宫小欣等等等等等等等 原帖地址：http://t.cn/zHwjZDd	1
【转帖】5月19日，夜，三牌楼大街，亲身经历绑架事件 南京的姑娘都长点心了！！！现在人贩子太恐怖了！！！！via 宫小欣等等等等等等等	1
5.19日晚，南京三牌楼大街，南京网友亲身经历的绑架事件！南京的姑娘都长点心了！！！现在人贩子太恐怖了！！！！扩散周知！（转）	1
别用正在充电的手机接听电话，关爱自己，切记！！！！！	1
5.19日晚，南京三牌楼大街，南京网友亲身经历的绑架事件！南京的姑娘都长点心了！！！现在人贩子太恐怖了！！！！扩散周知！[话筒]（转）	1
[话筒]5.19日晚，南京三牌楼大街，南京网友亲身经历的绑架事件！南京的姑娘都长点心了！！！现在人贩子太恐怖了！！！！扩散周知！	1
5.19日晚，南京三牌楼大街，南京网友亲身经历的绑架事件！姑娘们都长点心哦！！！现在人贩子太恐怖了！！！！扩散周知！（转）	1
【抗日传奇神剧的拍摄现场】中国花姑娘累死日本兵，花姑娘大大的厉害，抗日英雄之花姑娘！！！	1
2012年2月3日当地时间下午3点41分有个印度妇女生育了11个小孩！@瞬间就被震惊了	1
【还有什么是可以放心吃的？】@亮兄本尊：用一次性筷子做笋干炒肉！[生病]	1
用一次性筷子做笋干炒肉，好吃哦[转发](by亮兄本尊)	1
用一次性筷子做笋干炒肉，好吃哦    via亮兄本尊	1
用一次性筷子做笋干炒肉，好吃哦.。。。。。 via 亮兄本尊 [转]	1
中国的贪官贪污手段及证据！相互转告！以免盲目捐款！#四川雅安地震##捐款##为雅安灾区捐款#	1
亲爱的灾民们，你们不要着急，直升飞机很忙，再等几天都到了，你们一定坚持，一定要坚强，同胞们！加油！祈福。。。[蜡烛]@杂谈五味 @何兵	1
日本右翼分子抵钓鱼岛海域，日本13艘海保厅船护送保驾……这不是民间行为，已经是官方的正式行动了！中国政府，你在哪里？钓鱼岛呼唤你	1
【网友举报：中国红十字会副会长郭长江儿女的奢侈生活】点评：有请郭长江副会长出来走两步！ @1句实话 @纪许光 @李开复	1
（转）图为一女大学生求职无门而对社会绝望了，赤裸身体爬上高压线自杀身亡。http://t.cn/bleIH	1
【善良的大桥】 金沙江大桥在没车行走的时候自我坍塌，这桥通人性，未伤一车一人，太善良了。应该当选2013年度《感动中国》特别致敬者。	1
求辟谣：红十字会惊天丑闻大曝光！！如果是真的，实在令人发指。	1
【善良的大桥】 金沙江大桥在没车行走的时候自我坍塌，这桥通人性，未伤一车一人，太善良了。应该当选2013年度《感动中国》特别致敬者。（by夏骏）	1
大陂渡哥：什邡人吴斌实名揭露红十字会贪官，请转发！	1
她一上封面，红会就傻眼。郭美美终于被中国红十字会逼成了时代人物，看来这个世界已经彻底疯了。	1
王思想: 【他爸真的是李刚】河北“我爸是李刚”案件主角李启铭已出狱。原本被判六年，真实服刑不过2年半。	1
【I'm not the hero，I'm a tool】中国红十字会发来贺电：热烈祝贺郭美美同学荣登美国时代周刊封面人物！	1
我才知道原来微博也可以查看最近访客的。害我那么肆无忌惮，情何以堪啊我！	1
干枯的长江 俨然变成了大足球场。这不是PS ，这是长江重庆段。龙脉已断，国之呜呼！@邓飞	1
高校又出凶杀案~浙江工业大学一女生在食堂门口被男友刺杀 男友的遗书令人 。。。 http://t.cn/zTQtce0	1
《北大猛男，持刀刺官！！！》“可歌可泣”的是王同学投案自首之后冷冷说了一句话是 “我并不后悔。是他们不让我依靠自力生存！！！！！！”微评：认真读图文字，不要说话！[泪]	1
【@郭美美Baby 死于澳门，你信吗？】网友 @Tinysalt 微博爆料:郭美美死于澳门，称消息已封锁长达半个月，亲属已进行交涉，骨火六月将送回大陆！	1
用一次性筷子做笋干炒肉，好吃哦	1
我们曾经看过的超人迪加奥特曼已经死了 ！！！ 男主角长野博在2013年4月25日长野博出车祸去世。享年40岁。@__劉_超 @刘-小贱要做励志哥 @遗忘的一些事一些情 @新浪娱乐 @欧美流行最前线	1
【毁三观啊！！！[抓狂]】独居父亲因儿子长得像妻子 难抑冲动对其施暴[吃惊][抓狂]	1
无力吐槽。。。	1
现在的新闻也太....丧尸了......居然还有细节描写！！！一把抱住，疯狂亲吻，压在床上.....这......这是耽美文吧.........这.........	1
都跟你们说过很多次，微博草根大号都是营销账号，日常维护只是为了左右民意，粘合粉丝。想知道这次315他们都得到多少公关费用吗？何润东3W，郑渊洁3W，留几手4.5W。大家还记得作业本小鲁事件吗？	1
揭露当前的部分食品！	1
有同行已经在微博上证实了，是苹果的对手出了高价钱，花了两千多万，借助央视这个特殊的平台，和315这个特殊的日子，猛黑苹果。微博首发的大号，开价基本在15万一条。	1
惊天内幕！笑的我蛋疼了！在我再三请求下，央视铁哥们在一番请示之后，终于截图给我了——这个咱不能怪润东同学啊！润东的确把最后一句删掉了！[哈哈][哈哈][哈哈]@笑话大王彭彭	1
【内幕出来了！笑的我眼泪都出来了！】真不能怪何润东！润东同学的确是把最后一句删掉了！！！	1
【内幕出来了！笑的我眼泪都出来了！】真不能怪何润东[委屈] ！润东同学的确是把最后一句删掉了！！艾玛~大周末笑的眼泪都出来了[哈哈] [哈哈] [哈哈] via：@笑话大王彭彭	1
3.16关于央视的故事：CCTV带了一批媒体红马甲，周末去315曝光企业采访，结果逼宫完成后，今天又打给各媒体说他们收到大众钱了，让媒体团不要再写了。同时反问纸媒：难道你们没收到钱？	1
【网传张国荣真实死因将公布】	1
@何润东 你被谁盗号啦？	1
果然把最后一句删了……	1
[围观]求证！广州惊现-帝王局长？[吃惊]	1
"针对官员强奸幼女事件频发,国务院文学专家谢丁河近日称，就官员和""普通""女性发生性关系的新闻报道，如果用 “嫖” 字眼，显得太不尊重官员和受害人，应该使用 “宠幸”一词"	1
浪浪你真的要开启微博可查看最近访客功能了么。。。。。。	1
大家有没有发现，微博可以查看阅读量了？阿丁不禁想问：浪浪你真的要开启微博可查看最近访客功能了么。。。。。。（图 by 丁一晨DYC）	1
浪浪你真的要开启微博可查看最近访客功能了么。。。。。。（via：丁一晨DYC）	1
浪浪你真的要开启微博可查看最近访客功能了么。。。。。。（丁一晨DYC）	1
央视《焦点访谈》关于共和国脊梁评选活动造假之事采访民政部门领导，手腕打上了马赛克！这是为毛？手腕上长了不宜少儿的豪乳？还是戴了不宜人肉的豪表？央视：你不仅是在遮官丑，你还在出你娘的自丑啊！！！	1
听说是腾讯北分，银科大厦17层腾讯微博team的一个同事，在办公室里累倒了。现在具体什么情况不明，也有谣传说。。。了。不管怎么说，咱们干互联网的兄弟们，一定要珍惜自己的身体！！！	1
【越南乳瓜】越南商务部发言人说：预计越南乳瓜2013年将全面流入中国的市场，流向中国千家万户的餐桌，你会想试下吃么？	1
只是看图，看看这些人渣的行为！！！！	1
网传：新消息，长春盗车杀害儿童案，四十八岁犯罪嫌疑人周喜军系替儿子周磊顶罪，目前周磊在逃。	1
2月30号，我们在休假，蒙牛却在为我们生产良心奶。。。via@钢铁侠Z	1
【蒙牛——用心生产牛奶】当我们2月30日在休息的时候，蒙牛依然在生产着优质牛奶！蒙牛——专业专注 中国领先的乳制品制造商	1
2月30号，我们在休假，蒙牛却在为我们生产良心奶！[泪]感动中国啊！！！	1
2月30号，全国人民在休假，蒙牛却在为我们生产良心奶。转	1
@人性本自私: 畜生王云刚江苏省检查院培训中心副处级干部车祸撞死人不屑一顾丧尽天良，处理交警冷血！	1
2月30号，阿拉了该放假，蒙牛却在为阿拉生产良心奶[泪]via@钢铁侠Z	1
2月30号，我们在休假，蒙牛却在为我们生产良心奶	1
【新浪微博最重磅消息】根据得到的内幕爆料，新浪微博即将在3月5日率先在会员中开启“微博访客记录”功能，您可以在页面右侧看到所有来访微博记录！“悄悄关注”真的需要悄悄看了哦[酷]	1
浪浪你真的要开启微博可查看最近访客功能了么。。。。。。(via丁一晨DYC)	1
有车的朋友要注意了啊！！！加油时你要注意加油员的这个小动作了...（转）	1
重磅新闻：国内著名学者孔庆东先生于今日下午16:08分在北京311医院因突发心脏病险些去世，享年50岁。	1
凌晨的长春，丢失的孩子找到了，被偷走的车也找到，只是偷车贼没找到，看来，向雷锋同志学习50周年的今天，还是一个有效果的日子啊。	1
【特供瀑布】中国最大的瀑布——黄果树瀑布，早就没有多少水了，但只要大领导一来，瀑布还是气势磅礴。原来上面有水库，可以开闸放水。这年头，竟然连风景都有特供！！【转】独特视角，特别观点@当朝犀利哥	1
偷车杀婴儿真相！天涯上看到的：有消息（未经证实）周是替子周磊顶罪，其子的女友与婴儿的父亲有染，系报复杀人。最新消息 嫌疑人周磊被捕。 这个周磊号称“经开三哥”	1
学无止境，这样的知识除了中国哪里都学不会！中国真好！！！	1
记住啊，轮奸要第一个上。	1
原来周喜军不是真正的凶手，他是替儿子顶罪。真正的凶手是他的儿子周磊。	1
截屏！！！@郑州晚报：律师称李天一第一个与女子发生关系 不构成轮奸。[吃惊]连纸媒都发了，真的有这种法律条文吗？哪位律师给科普下吧！@迟夙生律师 @袁裕来律师	1
以後我玩微博還有什麼意義	1
【非可靠消息】据说过几天微博会出现访问记录功能，亲们，颤抖吧！~[转发]【转】	1
浪浪你真的要开启微博可查看最近访客功能了么。。。。。。（via：丁一晨DYC） @丁一晨DYC丁小点漫画集	1
浪浪你真的要开启微博可查看最近访客功能了么。。。。。。（via 丁一晨DYC）	1
银川附属医院已经有一例禽流感病例，确诊了。	1
在工信部，三大网络运营商双重压力下，腾讯小马哥最终没能顶住，微信收费将于7月1日开始，收费标准信息5分/条，语音1毛/条，百联君做个小调查，7月1日你会卸载微信吗？ [挖鼻屎]	1
#微信#收费将于7月1日开始，收费标准信息5分/条，语音1毛/条＂收了流量费了，还一条条收费！你怎么看！如果收费你还会使用吗？	1
【恐怖新骗局】看的我汗毛都竖起来了，现在还有点怕！！！转给身边的盆友并且一定认真读完，否则真遇到就来不急了！！！[话筒]（Via Happy张江）	1
【恐怖新骗局】看的我汗毛都竖起来了，现在还有点怕！！！转给身边的盆友并且一定认真读完，否则真遇到就来不急了！！！[话筒][话筒][话筒] @Happy张江 (转)	1
【恐怖的骗局】网友“happy张江”昨天发的一条关于骗局的微博，原文：看的我汗毛都竖起来了，现在还有点怕！！！转给身边的盆友并且一定认真读完，否则真遇到就来不急了！！！（转）[话筒]	1
网传最恐怖的新闻。严重求证！	1
【恐怖新骗局】看的我汗毛都竖起来了，现在还有点怕！！！转给身边的盆友并且一定认真读完，否则真遇到就来不急了！！！(转)#小知识#	1
最新消息，高通宣布收购AMD。	1
国家发改委已批复7万亿投资。	1
#波士顿爆炸#他等待女友马拉松结束后向她求婚， 她却惨遭丧生。 有的人守在身边温暖你心间 ，你却从来没说过谢谢。那些爱那些话， 趁活着， 赶快说出来 。[蜡烛]	1
有人在等待女友马拉松结束后向她求婚，她却惨遭丧生〜有的人守在身边温暖你心间，你却从来没说过谢谢〜那些爱那些话，趁活着，赶快说出来〜🙏🙏 Pray for Boston🙏🙏	1
转自百度贴吧 【果然就该生男孩子好吗！？还能体会鬼父的理解感人至极 太棒了！！！	1
#波士顿爆炸#他等待女友马拉松结束后向她求婚， 她却惨遭丧生。 有的人守在身边温暖你心间 ，你却从来没说过谢谢。那些爱那些话， 趁活着， 赶快说出来 。[心]	1
有人想等女友跑完马拉松后向她求婚，不料她却惨遭丧生。好好珍惜身边的人，你永远不知道明天和意外哪个会先来。 	1
上天涯果然被毁三观了。。。波士顿马拉松爆炸案的“新闻”演员又被认出来了，更有众多疑点分析。  http://t.cn/zTf3D7Z	1
转自百度贴吧 【果然就该生男孩子好吗！？还能体会鬼父的理解感人至极 太棒了！！！（via:Saber_Artoria）	1
【独居父亲因儿子长得像妻子 难以冲动对其施暴】侬是人啊。。。弗多讲了，点开来看奇葩	1
据传，发改委批复了七万亿！	1
2月30号，我们在休假，蒙牛却在为我们生产良心奶[泪]via:钢铁侠Z	1
【恐怖新骗局】看的我汗毛都竖起来了，现在还有点怕！！！转给身边的盆友并且一定认真读完，否则真遇到就来不急了！！！[话筒](转)	1
恭喜镇江的朋友们，昨晚在镇江市区医院确诊了一名H7N9患者，病情不稳定，现已隔离，情况属实，请各位朋友板蓝根的干活！	1
@疯人言论：河南官员把拆迁户孩子扔下楼，父亲跪地崩溃！（你再删，我再发，大家都转起来！）	1
#重庆提醒# 好黑人，别用正在充电的手机接听电话！关爱自己，切记！！	1
给你们说个鬼故事：过几天微博就可以看访客了。	1
你看到你微博了吧 你看到阅读数量了吧 哈哈哈 我告诉你们一个好消息 新浪要完全把腾讯的东西模仿了 所以 最近访客过几天也会有的大家放心去偷看你喜欢的人的微博吧	1
河南官员把拆迁户孩子扔下楼，父亲跪地崩溃！（你再删，我再发，大家都转起来！）via：@疯人言论	1
这就是种水螳螂，生活在下水道中，以老鼠为食。头部有剧毒，为河豚的2-3倍。中毒后无解，只能保守治疗。中毒后五年存活率为0.032。没要小心！	1
北京出了这号畜生，百度车牌前仨字自动出来了。 http://t.cn/zTPVuz4	1
北京爷们儿，牛树亭！[弱] @大学生讲坛 @费明微博 @但斌 @徐昕 @北京厨子 @袁裕来律师	1
律师称：女方改口自愿，李天一将无罪释放。（腾讯网）	1
！【李天一取保获释！】李双江----戏子将军再次搞定中国法律！	1
和尚给失足妇女开光。释永信给美国人杨澜等开光是否也是如此	1
4月2日，沈阳一群汉服党身穿汉服,到北陵皇太极陵前祭拜.	1
【不该忘记】邹小帛举报公安副局长腐败被枪 杀、蒋卫锁揭露三鹿毒奶而被死亡、曝光地沟油李翔被乱刀砍 死、药品打假第一人高敬德进派出所离奇死亡。请牢记英雄！清明快到来，不该忘记他们。[蜡烛]	1
第一次听到这个事情是成都一个女孩子说的，当时她机灵，就逃脱了厄运，今早看到另一个女孩子，被这么惨绝人寰地方法夺走了肾脏。。。女孩们一定要小心。危险无处不在	1
#微信收费# 网上热传，微信收费将于7月1日开始，收费标准信息5分条，语音1毛条。如果是真的，你还会用吗？[泪]	1
传闻中国移动9月1日起率先对微信微博收费，两种收费标准：1，包月10元/月；2、按条数收费，100条以下免费，600条5元，600至1200条10元，超过1200条每条收两分钱。	1
永康中医院，今天死亡一例外地归来患者（永康本地人），死因：发烧头痛。没做病毒培养、没有送省卫生厅。大家相互转告，注意预防H7N9 @永康新青年	1
第一次听到这个事情是成都一个女孩子说的，当时她机灵，就逃脱了厄运。今早看到另一个女孩子，被这么惨绝人寰地方法夺走了肾脏。。。女孩们一定要小心再小心，危险无处不在！！！BY小模样…呃，下一篇继续～～	1
今天台湾地震把厦门一高层震歪了！台湾震中的楼没歪，厦门的楼被震歪了，这叫啥事，且看政府和专家又有何雷人解释？[抓狂][抓狂] @阅读社会 @作家-天佑 @任卫新	1
刚刚收到广东省人民医院医生的紧急通知，各位最近都不要吃牛肉和牛肉制品，最近苏州和辽宁省有500多头牛都感染了碳锥杆菌~~~大家小心啊~~快D讲身边既朋友知道啦~~	1
哎！@文章同學 ，道歉词都是抄襲@高晓松 的。此人已无药可救了。娱乐真讽刺。	1
心脏病突发……在独自开车回家的路上……怎么办？你有10秒钟时间可以自救！...更多自救知识， 请关注 @2012生存自救手册	1
文章这都抄袭，妄顾了文章这个名字啊！	1
#周一见#大家一起来找茬：高晓松酒驾PS文章劈腿 要相信自己的眼睛.@文章同學@马伊琍	1
文章、马伊琍、姚笛上热搜，俺不奇怪，咋高晓松也上了热搜哩？再一看，原来是@文章同學 的道歉信抄袭了@高晓松 的，高老师躺着中枪呀~	1
听说文章同学 道歉贴是抄袭高晓松 的，这是什么节奏啊，要不要这莫叼！能不能有点诚意！我只想说是哪个公关公司帮你做的公关！能不能专业一点，不要犯这样低级的错误！[挖鼻屎]（转）	1
文章同学，连悔过书你也抄的这么给力～～～～你这节奏，伊俐和姚笛知道吗？这也叫诚意？？？	1
#文章道歉是否有诚意# 文章同学，你的道歉肿么跟高晓松的酒驾检讨这么像？这这这…你的经纪人造吗？ http://t.cn/8sMpN4h	1
#周一见#马伊利真无辜，可怜，文章连道歉都是抄袭的，看我微博，有图有真相	1
@文章同學       你可以请个稍微专业点的团队么？你小时候思想政治课是体育老师教的吧？给你付了那么学费的你爸妈知道么？	1
这一张照片在网络非常的火爆，这说明什么？是否这个社会有三六九等之分吗？不管你是什么身份，你何德何能让百姓 八抬大轿  ！值得反思！只是分享，并非造谣[弱]	1
说个笑话。话说MH370航班的黑匣子被探测落在了南太平洋4000米至6000米深的海沟后，号称能下潜到7000米的蛟龙号官方微博@蛟龙深潜 立刻删光了之前的所有微博。亲，你能告诉我吗？	1
话说MH370航班的黑匣子被探测落在南太平洋4000米至6000米深的海沟后，号称能下潜到7000米的蛟龙号官方微博@蛟龙深潜 立刻删光了之前的所有微博。人艰不拆，亲，且删且珍惜啊！  （转）	1
这个屌爆了——转： 号称能下潜深海7000米的蛟龙号的新浪官方微博@蛟龙深潜 在惊闻MH370的黑匣子落在4000——6000米深的海沟后吓得迅速删光微博！还有个号——@蛟龙7000 也删光了微博。	1
主角大古、真名：长野博，1972.10.9生，于2013.9.21因车祸去世。，享年41岁。奥特曼死了，小怪兽都哭了。—————迪迦奥特曼...[害羞][害羞]	1
瑞安强拆事件。对一个孩子下此毒手。小孩全身多处被强拆者砍伤	1
[爱心传递]特大好消息 国家食品药品监督局11月1日开始集中受理狗肉馆举报，举报电话：12331 ．大家扩散出去啊	1
舆论工作是党的命根子，谁掌握了舆论谁就掌握了真理！	1
【实用贴】误删资料，该怎么恢复？一不小心，删错了，还把回收站清空了，怎么办？只要三步，你就能找回你删掉并清空回收站的东西。这个超级实用，值得收藏~	1
文章的道歉信和高晓松酒驾的道歉信一模一样啊，出自一人之手还是抄袭人家高晓松的，可见态度有多么不诚恳了！哎！#周一见#	1
"#文章抄袭#听说@文章同学 道歉贴是抄袭@高晓松 的，这是什么节奏啊，我只想对你说:""文章同学你肥皂掉了……""[挖鼻屎]#周一见#"	1
#周一见#你们都在刷着文章，马伊利，可你们知道么？文章@文章 的声明是抄袭高晓松@高晓松 的。原博被删除了我继续转	1
文章#周一见#声明全盘照搬高晓松酒驾道歉声明，这样的“诚意”大打折扣，团队是吃shi吗？	1
[衰]马航以前的广告.......真是无法直视...... 感谢粉丝@wayne0210 分享	1
马航旧广告，推特上传疯了。	1
马航旧广告， 在推特上传疯了。广告语： Wherever you go, no one will ever know（译：不管你去向何处，都没有人会知道）这公司还真是说到做到！	1
快讯：（李登辉今天凌晨心脏病复发身亡）台北消息：中华民国前总统（1988—2000年在任），国民党、台联党、有台独教父之称的李登辉、今天凌晨在其家中心脏病复发抢救无效死亡.	1
20年前，中国有公务员1000多万，经过20年的不泄努力，终于精简到了5700万，取得了巨大成绩。	1
转告一下 我在:http://t.cn/zRA3TPu	1
李大眼被抓了	1
【意大利女部长签字中..... 】（@全球奢侈品总汇）	1
谁说央视不关注民生？	1
文章道歉与高晓松老师的道歉书惊人相似，这难道是一种新文体正在崛起吗！ http://t.cn/8sMD2rV	1
文章和高晓松是一个老师教出来的吗？写的悔过书那么一致！？@文章同學 @高晓松	1
昨晚凌晨3点北京某学校，3个高二女学生报警谎称女生宿舍有6个中年男子潜入学校女生宿舍强奸猥亵屋内女学生。当地警察来到现场时女学生说了句愚人节快乐后现已被当地警察送往派出所拘留10天。	1
@文章同学 连个道歉声明都抄袭@高晓松 索要版权费#且行且珍惜#	1
我是说为什么文章“周一见”道歉声明辣么眼熟... -http://t.cn/8sM2elq	1
#周一见#你们都在刷着文章，马伊利，可你们知道么？文章@文章 的声明是抄袭高晓松@高晓松 的。	1
我只能说我有留一手[哼]#文章净身出户# 我在:http://t.cn/8sMzLGD	1
一个是高晓松版本，一个是文章版本。文先生，你确定要这么糊弄大家嘛？@圈少爷 @大嘴娱乐圈 @文章同学	1
#周一见#左图是高晓松当年的道歉信，右图是文章今天的道歉信，给公关团队打差评……，	1
网传，文章的道歉微博竟然是抄袭高晓松的酒驾悔过书，文章同学，你有点诚意没有？	1
相声演员侯耀华发的，不是我发的！	1
昨天爆出Paul Walker的车祸死讯，夜里爆出死者照片，结果刚刚又爆出已经缝合好的照片，据说没有死，你们这是要折腾死我们啊！？（照片血腥，请谨慎查看）	1
希望传闻是真的，保罗·沃克还没有死.[蜡烛]	1
大揭秘江湖水库巨型吃人[吃惊]鲶鱼事件的真相 谣传事件史上最全版(组图)>>>>http://t.cn/zWrN5Sc	1
北京地铁2号线有人卧轨！	1
原本就没想过去看！[哈哈][哈哈]	1
让「小日本」都去屎吧！[怒][怒][怒]	1
我喜欢看电影，但这次，我想表明态度，‘拒看’——与电影无关。别说我幼稚、别说我无聊、别说没用。骂百句不如做一次。听话，亲	1
支持！	1
傻逼才去看贞子	1
敢不敢，大家转起来！！！	1
请转起来！[闭嘴]	1
交警暴力执法,强行拖走女车主。事件背景为长沙最近在整治电动车问题，一位女车主不是很合作，被两位男交警在地上拖行。拍客在进行拍摄取证时，被一位未穿交警制服的男子冲过来夺走拍客的手机扔到了树丛里面。	1
【调查地沟油的记者李翔，死了】 身中10余刀，惨死。他为全国不能吃特供的十多亿草泥马的食品安全努力过。他付出了年轻的生命。草泥马们，请动一下鼠标，转发，表达一下谢意。不过分吧？恭请转发！！！	1
转起来！	1
祝愿小日本的「贞子3D」票房为0！	1
王道德Orz：新疆戈壁里发现一具驴友的干尸，看看谁认识？寻找家属！ 真的很可怜，[泪]， 大家扩散起来让亡灵回家吧！[蜡烛]  扩散！！  [话筒][话筒]	1
速度看中央4台《今日关注》，老胡同志已下令，如果日本有闯入钓鱼岛及其附属岛屿12海里以内，中国海军部队可以立即向其进行军事打击。哈哈，大快人心。	1
我的日产越野车今天停沙坪坝被爱国青年下螺丝，比砸车还吓人。这些疯狂又愚蠢的傻货！！！要是车主是个毫无经验的新手未能及时发现咋办？这可真的能要人命啊！！@重庆风行天下车友社区	1
刚接到部队朋友电话，今天两颗鱼雷炸沉了一艘日本船。	1
【看看如何糟践老百姓捐的救命钱】	1
小李的推特，哈哈哈哈哈哈哈哈哈~（via @唐僧僧僧僧僧)	1
够了！！！[嘻嘻]	1
小李的推特，哈哈哈哈哈哈哈哈哈	1
@杜芝富 因为新华字典上无（自由）二字，今天被禁言15天，请看新华字典有无（自由）二字的证据截图，@微博管理员 @微博社区委员会	1
原来他没死，速度与激情7还会出现他，只是鼻子和嘴巴都成双了！ 我在:http://t.cn/8kqC9QZ	1
特大好消息！卖狗肉违法了， 国家食品药品监督局11月1日开始集中受理狗肉馆举报，举报电话：12331 ．大家扩散出去啊！	1
转  📢卖狗肉违法了， 国家食品药品监督局11月1日开始集中受理狗肉馆举报，举报电话☎️12331 ❗️大家扩散出去啊！爱狗狗爱动物！养狗的爱狗的请果断转发🍀	1
[转] 有车的朋友要注意了啊！！！加油时你要注意加油员的这个小动作了...	1
转：朋友在北京月星家居捡到一个钱包，里面有卡数张，现金一千二北左右，火车票一张，名字叫刘学伟，车票是后天的，失主请联系:13895686886，北京的朋友请转发	1
#寻失主#朋友在月星家居捡到一个钱包，里面有卡数张，现金若干，火车票一张，名字叫刘学伟，车票是后天的，失主请联系:13020100022，大家帮忙扩散，春运买张票不容易，各位正能量走起！	1
首尔、台北、北京的公务车数量分别是：47辆、20辆、70万辆。	1
已经证实保罗没死！图慎点。	1
[鼓掌] [鼓掌] [鼓掌]今天终于收到了政府奖励500元， 大家一起来做警察举报违规卖狗肉店有奖哦， 电话：12331 打击狗贩子以及售卖狗肉的饭店 ，我们都尽一份力 ！	1
这是日本人所发明的一种宠物养殖技术，叫盆景猫！他们给小猫喂食一种促进骨质软化的化学药物,然后强塞进瓶子里，等小猫长大，身体胀满瓶子...	1
注意了！！！肯德基情人节点餐就送套套，为了避免尴尬和儿童，他们不会主动说和宣传的，你需要的话就对店员说送我几个肯德基安全套，他们就会免费给！！！！不要错过！	1
《100年前光绪皇帝在北京大学的讲话！》——凝重的让人窒息，推荐阅读！转@任志强@袁裕来律师@作家崔成浩@思想汇聚人生	1
这两个女婴是被人贩子带上火车，后被乘警发现解救下来的，请大家帮忙转发，帮助两个女婴寻找亲生父母。（只需动动手，孩子就多一个机会！）	1
【几个外国人对中国的看法，值得我们每个人深思】	1
在逃恐怖分子通缉令[怒]（东南快报）	1
朋友们远离穿这种图案服装的人，发给你的家人、爱人、朋友，如果见到请立即报警。	1
都看到我家门口了，住川音摩卡的注意了 http://t.cn/8FdoVhl	1
据报道黑龙江一动物园因饲养员管理不慎导致一老虎逃出动物园，此虎逃至动物园门口被一晨练大爷徒手制服！老大爷仅仅擦破一点皮，现该老虎已被园方抓回饲养处严加看管！--不用穿军大衣 也能制服老虎	1
快讯：360董事长@周鸿祎 座驾遭袭！现场留有纸条：“回头是岸！”	1
皇军和八路军亲善珍贵史料流出[嘻嘻]	1
马航旧广告，广告语是这样的 “不管你去了哪里，都没有人可以再找到你。”[汗]	1
#糗生活# 今年江苏省的作文题是《拒绝平庸》……最短的作文只有一句话：老师，我拒绝写这个题目。老师沉吟片刻，痛苦地打了满分。 （via 徐卓阳）	1
上海5月10日起出租车起步费上调至15块 单价每公里3.1元 夜间起步费18块 魔都就是魔都 生活在魔都的人们伤不起	1
#奢侈品调价# Cartier 自7月1日起，手表类上涨3%，首饰类上涨7%。简单明了一句话，要行动的，要放弃的，自行决定吧。  @奢华购_兰泊	1
继FBI 承认罗斯威尔事件 是飞碟坠毁后，罗斯威尔飞碟坠毁事件幸存外星人视频又被曝光 http://t.cn/hgo3Ce	1
#惊人预测#兰德公司，号称世界第一智库，曾准确预言中国必出兵朝鲜。而现在他们又做了一个惊人预测：2020年中国将成为世界上最穷的国家。报告有理有据，如下：	1
【开眼了，长见识了！】临武县委副书记、县长 贺遵庆个人资料简历：其中有两句“在职研究生学历，维稳学硕士学位”。这就好理解了为什么会尸。@何兵 @第一微闻 @黒幇 @班主任的课	1
【转自搜狐微博】對付女小贩，我城管採取脫褲維穩法；7月2日，惠州惠城區河南岸上馬庄启明苑门前一幕。	1
7月20日湖北广水市强海制鞋厂出大事了 武汉理工大学学生杜春晓因超长度工作(12小时)中暑身亡 其父在找厂方维权时被当着警察面打死。[闪电]评:天理在哪里？公道在哪里？转！@习美黄德荣	1
用我的一生劳苦，换你的一身霓裳，在中国。。。[泪]（十张蛋疼图）@杂谈五味 @袁裕来律师 @邓飞	1
快报：李天一翻案成功！刚刚得到的消息，三里屯「Rivuai160」酒吧的老板被警方带走，警方开始对酒吧进行卖淫调查，李天一等五人有望立即由被告变为证人，最快周末出狱！[怒]	1
#图片里的中国#父子	1
这是一对父子合影。。。很真实的中国社会写照。	1
@解密哥：【难以置信】姜瑜：“根据国际公约，众所周知，美国使馆区是美国领土，他们那里检测到的数据，只能说明美国的空气质量不好。”——这段不可思议的话，竟然是真的！	1
【悲哀】宁波一女子，因付不起孩子昂贵的医药费，抱着4个月的孩子从医院楼顶上跳下。母子当场死亡。。。[泪]	1
【中国父子】博士和他的父亲，这国家，一孩子读书能把老父亲读成野人。拼尽全身全心全血全汗送个孩子读书！ 中国当代社会的真实写照。	1
【悲哀】宁波一女子，因付不起孩子昂贵的医药费，抱着4个月的孩子从医院楼顶上跳下。母子当场死亡。。。评：操蛋的医疗！孩子：下辈子别投胎在天朝！[蜡烛]	1
【俩男子玩车震掉湖里】据@微博位置：日前，江苏常熟一辆白色本田车掉进尚湖，从车内下来两男子均未穿衣服，疑玩车震不慎掉入河内[c囧]	1
香港检测出韩国农心辛拉面向中国内地销售的产品，塑化剂超标50倍，接近极限。-居然毒害了咱那么多年阿[泪]	1
泰坦尼克号续集《Jack is back》 大伙期待吧……[花心]	1
预报：福岛沿岸第一波海啸8分后到！	1
CCAV说了！2012是真的，美国三分之二都保不住了 http://t.cn/hG58JY      @染香 @不加V @江小鱼 @司马平邦 @老沉 @微博辟谣	1
牙膏底部的短线，绿色天然的。蓝色天然加药物，红色药物家化学，黑色纯化学。童鞋们~今后购买要记得～[围观]	1
【悲报】本周的柯南中毛利兰的父亲死了。「net」	1
不要羡慕比你白的人，因为ta有可能肾虚！ [转]	1
【电吹风治疗肩周炎！】用电吹风以适当距离对准患者肩部用热风吹约10分钟，每天两次，3周可愈。若先在患者肩部擦上药酒再吹，效果更佳。	1
日本最贵的菜居然是吃屎！这道菜名称叫做金粒宴（说白了就是吃屎）。这是在日本上层社会所谓的高级享受，做法是挑选女婴。以极精细的食物喂大。到15 16岁就取其粪便烹之！太变态了！	1
【庄严国徽下、堂堂法院地，暴打申诉人3】有图有真相，套图来了。云南省高级法院，出来走两步，让我们看看是否“标致极了”。连74岁的老人都下得了手，两个字评价：威武!	1
我靠，详细列表，招生全部由关系内定。转自@王罡-老粪青:Tegic(@tegic) 上海交大内网泄露出的惊人内幕 … 中國的教育已經沒救了http://t.cn/aO37b1	1
全特么是《中国达人秀》节目组造假~~乌达木 http://t.cn/aCZWgn  [泪] 赔！！！	1
昨天城管打死卖野菜学生事件，据说又用的是神秘武器：秤砣！	1
临沂市委书记奸淫上百幼女.....（燕赵都市网）.  原文出处http://sinaurl.cn/hbYI50	1
传说中的麦当劳全国通用无线上网密码，真的吗？	1
看完之后手机还敢放床头吗？ http://sinaurl.cn/hbfuVo	1
【视频：陈佩斯主持《焦点访谈》】其实我们不知道，早期的《焦点访谈》曾经是由陈佩斯主持的，一开场就笑了...http://sinaurl.cn/h5pIM7	1
凤姐和陈冠希的对话！转的时候已经被删除了！幸好拍下来了！哈哈搞笑！	1
心理学家认为，每天凝望帅哥10分钟，健身效果相当于做30分钟有氧运动，持之以恒，平均寿命可延长四五年。。。	1
砖家证实接吻也可怀孕，哥表示鸭梨很大！	1
公告：《爱情公寓》第三季，将在今晚(4月1号)黄金时段，中央电视台“CCTV8”电视剧频道，隆重开播。	1
我们俩口子刚刚领到了结婚证，简直不敢相信，同性恋可以结婚了，广州民政局太给力了！	1
期待这一天的到来#元畅依晨#隐婚三年终于曝光。。。。。哈哈哈哈哈哈元畅依晨你们神马都不用说、不用解释了。。。。我们都懂你们。。。@CC宝贝们来观看一下。。。。。给力一下哈哈。。。	1
带九岁女儿体验练摊当事人：@新京报 社副总编辑田延辉	1
【误删资料，该怎么恢复？】一不小心，删错了，还把回收站清空了，怎么办？只要三步，你就能找回你删掉并清空回收站的东西。@实用小百科（转）	1
让历史照进现实！	1
一辆“廉政调研车”，崭新的保时捷卡宴（价值大约180万），太“廉政”了！	1
【人没有能活到一万岁的？[阴险]】不信谣、不传谣的谈二苟，你还好吗？[酷]	1
凌晨2点43分美军驻扎在泰国乌塔堡军事基地曾监听到一段马来西亚航空公司MH370航班紧急呼叫的SOS信号，客机驾驶员呼叫称机舱面临解体，他们要迫降。目前驻泰美军已向马来西亚方面提供这段信号。	1
牙膏底部的短线，绿色是天然的，蓝色是天然加药物，红色是药物加化学，黑色是纯化学。	1
[吐]这秀做的太恶心[吐]!@我亲爱的老虎 @段贵发 @孔智勇- @山东杨洪 @陈世卿院士 @李庄 @思想聚焦 @王永 @何光伟 @袁裕来律师 @攸县贺金云	1
刚从微信朋友圈看来的，这位网友绝对是神推理👍。。。这几天天天刷微博看飞机最新进展，马来西亚的反映来来回回真的很恼火，希望早日能水落石出🙏[蜡烛]。。。	1
【奥巴马看后一言不发】不要小看国家级贫困县，刘书记的豪华办公室，比奥黑的强一百倍吧？？？？谁再说中国不如美国我跟他急。。。。注意，正中间那个威风凛凛的是刘书记。(图片来自网络)	1
#IT大爆炸#【手把手教你恢复被删资料！】一不小心，删错东西，清空回收站了怎么办？别着急，只要你的电脑还没有运行磁盘整理，任何时候的文件都可以找回来！ （@黑客是这样炼成的）	1
一个美国人在中国疑似嫖娼了，警方马上抓他进去，怎么也得教育十天八天？我想问，上海四法官嫖娼，已开除出党及公职了，为什么警方到现在也没有抓他们进去？吴祚来	1
中国国家级贫困县张家川县刘书记会议室VS世界第一强国总统会议室，美国佬羡慕嫉妒恨！	1
今儿3.15 说说去年315曝光的不合格化妆品吧~[挖鼻屎]	1
李白才是真正的预言家，，李白，你这么吊，你家人知道吗？	1
转：朋友在英国刚刚看完新闻,说飞机上的人都活着,都活着,说副机长是恐怖分子,飞机在印度的一个岛上,他把机上的导航和信号全毁了。	1
马航旧广告， 在推特上传疯了。非常尴尬！	1
马航旧广告， 在推特上传疯了。非常尴尬！Via@自由的Cyberomeo	1
马航旧广告， 在推特上传疯了。非常尴尬！[围观]Via@自由的Cyberomeo @KDS宽带社／微信：mrsh021	1
马航旧广告， 在推特上传疯了。非常尴尬！[围观]Via@自由的Cyberomeo @KDS宽带社／微信：weish021	1
【马来西亚航空旧广告】 近日，马航旧广告在推特上被转疯了，其广告语是:“无论你去哪儿，都没有人会知道。”[生病][生病][生病]	1
李白，你该是有多吊？	1
希望是真的 还被迫还击 怂死你！上来就应该直接击沉！	1
"蛮子啊，请顶住啊，要知道你的护照上写着：""不管你身处何方，美国政府和军队都是你强大的后盾""。"	1
我的家乡抚顺，清原，南杂朩，发大水，泥石流、受灾情况严重。认识我的转发一下吧。	1
夭折的厦门大学准大一新生！被掉包的高考成绩！！让我们帮她讨个公道！	1
#越南乳瓜#网上盛传越南商务部发言人说：预计越南乳瓜2012年将全面流入中国的市场，流向中国千家万户的餐桌。如果真的有这种造型奇特的蔬果，你会想尝尝么？[思考]不知道它会不会有丰胸的效果？	1
首都迁移信阳已成定局-中部崛起-东湖社区 - 荆楚网 http://t.cn/zQSiqjH	1
英国一摄影师捕捉到一印尼男子被洪水冲走的最后一刻！男子向镜头摆出了人生最后一个手势，以示对摄影师的尊重，对自己生命的畏惧。。震撼。。。 [转]	1
袁大律师与袁大记者感慨台湾游行民众素质高，现场没有一定点垃圾杂物……二袁感动的心里一只暖羊羊，冷不丁网友@林树澎 上传一张照片，啪！啪！！AUY，笑到蛋疼……[笑哈哈]	1
#随手拍# 二十五萬人離去之後。	1
美丽女子不配合强奸致男子阴断人亡被判刑——_基层党建网河南频道#西祠热帖# （分享自 @西祠胡同网） http://t.cn/zQ9e325	1
【央视永远不会公布的照片－－之《上学》】	1
告诉我这不是真的！！！！[泪]	1
媒体报道，梦鸽昨天表态：我相信中国是法治国家，如果官司败诉，将移民海外，不再踏入中国大地半步！ 评: 厚颜无耻！	1
浙江磐安人工降雨失误，竟然降。。。降雪了[雪][雪][雪]（转）	1
浙江磐安人工降雨失误，竟然降。。。降雪了（转）	1
@广东省新闻台 @广东省政府应急办 @嘉桦ella @央视新闻 @_黑格子_ @荩桉Stacey @今日一线 求求大家帮帮我们吧！	1
【被隐瞒的真相——天灾还是人祸？】	1
一代商业帝国索尼申请破产！	1
SONY都会破产？这...这...这！[抓狂] 我在:http://t.cn/zQrPQFO	1
央视新闻报道索尼即将破产，但是索尼官方立马澄清了谣言。。。央视这是唱的哪一出？	1
最新消息，汕头潮南区陈店镇部队救援物资到了，方便面一包50块，矿泉水一瓶15块，快艇接送一人15块，不给钱不救，心痛啊，求扩散，转吧，让习总书记评评理…	1
浙江磐安人工降雨失误，竟然降。。。降雪了[雪][雪][雪]	1
两军舰已和日本海军交火，不知是杜撰还是确切消息~~！by@思yan儿	1
云南一只母猪生下8个小孩=震撼全世界！[抓狂] 详情请点地址》 http://t.cn/zWsisGu	1
钓鱼岛附近已经开火了，中国在封锁消息！我们能做的就是把日本人彻底掩埋！抵制他们到死！转起来我的同胞们！	1
刘翔手术图。。。刘翔加油！	1
【加油！刘翔！！！】手术图，慎入。	1
【加油！刘翔！！！】手术图，慎入。[伤心]源自@直播上海 [话筒]转给@侯宁 @晓雨闻铃 @雨农谈股 求证图片的真实性？？？	1
我们为什么要骂刘翔？	1
那些质疑刘翔的看图说话 然后在闭上你们的臭嘴	1
刘翔！！手术图，慎入	1
刘翔手术图，慎入。	1
脚伤照片出来了，不多说了，刘翔，英雄。 质疑刘翔作秀的人，请闭嘴！！！！胆小的MM建议不要看图！	1
【刘翔在医院图】最后一张慎点！！！看到心都碎了！！！[泪][泪][泪]	1
真相：【刘翔在医院图】最后一张慎点！！！看到心都碎了！！！[伤心]那些骂刘翔的人看清楚了！	1
【心灵】脚伤照片出来了，不多说了，刘翔，英雄。 质疑刘翔作秀的人，请闭嘴！！！刘翔我们支持你！[泪] 请大家顶起来，让感动常在！	1
快讯：今天早晨八点二十分安徽省界首市公安局门口发生一起恶性爆炸事件，造成七名来上班的警察当场死亡多人受伤’目前警方已经封锁全城，案件正在进一步调查中....求证。	1
比赛失败，居然还有一片骂声。刘翔手术照片。我想一些人可以闭嘴了。那些说他演戏的人。摸摸你的良心吧。你们赤裸裸的嫉妒，还是人吗？【大家转起，让更多人明白真相】	1
特大爆炸新闻：今天早晨八点二十分安徽省界首市公安局门口发生一起恶性爆炸事件，造成七名来上班的警察当场死亡多人受伤’目前警方已经封锁全城，案件正在进一步调查中.....	1
刘翔脚伤照片，正版。向英雄致敬 @上海派對SHClubbing	1
告诉那些说刘翔中戏上戏可以免试的人，刘翔是真正的民族英雄！	1
刘翔手术曝光，啥也不说了。	1
刘翔，手术图，慎入。 （via 请救我美少女战士Sailormoon）	1
上圖是劉翔撕裂的跟腱！…！！！我真的要心疼死了！！！你們那些嘴賤的，我讓你們囂張！去死一萬遍好嗎！！！[泪][怒骂][怒][哼]	1
刚看到别人发出来，就被删，还好能下载重发	1
无题	1
有准备生出一队足球队的吗？看看这个奇迹的11胎！	1
#关注南京#文明全国的茶饮品牌 COCO 南京某店被查封 ！，因为有塑化剂。。。转发给身边爱喝COCO的孩纸们。	1
上海西郊动物园小鹿被游客折掉鹿角	1
刚才得到消息，中国已免除越南到期全部债务。先是借，到了期就免。这样的政府，天下无2！500亿美元啊...	1
假如本届伦敦奥运会结束时，中国代表队还能在金牌榜上排第一，现决定：参与转发本微博并关注@深圳24小时搜罗 的将抽出80%的人赠送IPHONE 4S ，本微博正在申请认证，绝不食言。	1
假如本届伦敦奥运会结束时，中国代表队能在金牌榜上排第一，现决定：参与转发本微博并关注@新疆人社区 的一人送一台iPhone4s。官方发布	1
如果刘翔得了伦敦奥运会金牌，凡转发并关注我的网友，所有人送一台最新版的iPhone+iPad+Mac Air。记住，不是一个人，而是所有人。信誉保证，决不骗人，到期兑现！	1
假如本届伦敦奥运会结束时，中国代表队还能在金牌榜上排第一，现决定：参与转发本微博并关注@爱笑的辣妈 的一人送一台Iphone4s。法律公正，绝不食言。	1
周克华已经在歌乐山脚下被捕，自杀未成，大腿被特警打伤。被捕时候藏在一溪水的水草深处，一年经的特警发现了其中的一只脚掌，顺而激战捕获。http://t.cn/zWldazc	1
如果在本届伦敦奥运会结束时，中国代表队还能在金牌榜上排名第一，现决定：参与转发本微博并关注@奢侈品行业 的一人送一台iPhone4s。绝不食言，大家一起见证！中国，加油！！！[加油]	1
最科技砸锅卖铁全力支持伦敦奥运会中国运动健儿勇夺金牌！若中国代表队在本届伦敦奥运会结束时，还能位列奖牌榜第一位，凡转发此条微博，并关注@最科技官网 的朋友每人送iPhone一台！	1
如果刘翔得了伦敦奥运会金牌,凡转发并关注我的朋友,所有人送一台最新版的iPhone+iPad+Mac Air.看好,不是一个人！而是所有人！决不骗人！获金牌立即兑现！	1
如果刘翔得了伦敦奥运会金牌或者中国队在最后时刻仍然保持金牌榜首。凡转发并关注我的网友，所有人送一台iPhone4S+iPad2。记住，不是一个人，而是所有人。信誉保证，决不骗人，到期兑现！	1
惠州红花湖你还敢去游泳么？	1
【 中国已免除越南到期全部债务！】 网爆：中国已免除越南到期全部债务！先是借，到了期就免。这样的政府，天下无2！500亿美元啊！传越南将中国500亿美元贷款中的250亿美元用于购买战机反华！	1
#刘翔摔倒#【那个栏高于规定栏3cm？！！】伦敦，你欠X啊	1
经过伦敦奥运组委会确认，110M栏的所有跨栏位置全部摆错位置，按正常位置多出一米，导致多数运动员跨栏打栏。包括刘翔。	1
说刘翔作秀的，这是他撕裂的跟腱。	1
因公司大量库存！假如本届伦敦奥运会结束时，中国代表队还能在金牌榜上排名第一，现决定：参与转发本微博并关注@广晟通讯 的一人送一台iPhone4s。绝不食言，说到做到，中国加油！	1
刘翔跟腱手术全程图片曝光，别再抱怨请给予同情和祝福吧！[心]	1
大家努力活着、好好活着，据说195岁以上老人看病医药费全报销了……	1
央视这是在黑刘翔么...	1
韩国总统李明博就7岁女童遭性侵向国民道歉。【转】	1
【中国女留学生美国校园上演裸奔，丢人丢那么远！！！】	1
三星拖30卡车价值10亿美元的5美分硬币给苹果[吃惊]	1
三星赔偿苹果10亿美元：5分硬币装满30辆卡车！整整200亿枚5分硬币！！好XX，你来补充……[抓狂] ♥欢乐关注@糗事千百度 性感智慧人生@智慧新语	1
【三星叼炸了】三星是专业的5美分党？三星用30卡车的5美分硬币支付苹果10亿美元的赔偿！	1
【一针见血】现代舞蹈家、上海金星舞蹈团艺术总监@金星 关于杨澜入米国籍发表个人犀利的评论：若把持外籍身份的两会代表请出去的话，大会堂估计能空一半！有木有!?	1
据网友曝料，安徽阜阳市颍州区三岔路派出所以扫黄禁毒为名，把桑拿里的小姐都抓到派出所验尿，然后把小姐们所配戴的金银首饰全部掠去，与土匪无二。小姐也是人，为什么民警抢劫她们不犯法？	1
【调查地沟油的记者李翔，死了】 身中10余刀，惨死。他为全国不能吃特供的十多亿草泥马的食品安全努力过。他付出了年轻的生命。草泥马们，请动一下鼠标，转发，表达一下谢意。不过分吧？恭请转发！！！。	1
传说是曲靖的蟒活吞了人，移送森林公安，今天中午。by@hr影视千里	1
美国高二的数学...请用一句话概况你的感受！	1
一只幼猴紧紧搂住即将被“活取猴脑”的妈妈。（转）	1
一只幼猴紧紧搂住即将被“活取猴脑”的妈妈。[泪流满面]那些吃猴脑的还忍心吗？（转）	1
不想骂人！！！发一张今天看到的最感人图片，幼猴紧紧搂住即将被“活取猴脑”的妈妈。	1
【今天看到的最感人的图片】幼猴紧紧搂住即将被“活取猴脑”的妈妈。	1
一只幼猴紧紧搂住即将被“活取猴脑”的妈妈。[转]	1
你们居然都不知道现在微博会员可以看到最近访客吗？在右下角查询那里有显示的啊	1
[猫扑贴贴论坛]据说这是爱尔兰瑞尔航空公司公布最新LOGO……邪恶了有木有……http://t.cn/zl8tAbX	1
今日爆炸性新闻！！！@京华时报，头条新闻：“赵本山涉黑转巨资被扣留”！	1
一只幼猴，紧紧抱着将被“活取猴脑”的妈妈。 @好狗好猫流浪狗义工团 @陈美琪 @冷小张 @作家陈岚 @沈浩波 @李开复 @z_月儿 @任志强	1
记住这个名字 ：曾凯。	1
三星赔了苹果100W，然后都是5美分的硬币……30卡车……(via@GO_Hank )	1
【大蟒吞活人？】据网友爆料，今天中午，云南曲靖的蟒活吞了一个人，移送森林公安。不知武汉是否有人养蟒蛇当宠物，如果消息属实，得小心了。	1
这事，刘翔还真的不好解释了！[吃惊][思考][不要][话筒]	1
坐等被删，验证无耻。	1
有没有帮刘翔说话的啊？来解释一下这张照片啊！	1
请孔庆东教授辞去北大教职！孔庆东如果离开北大，转发本微薄的每人送iphone，说到做到。	1
【老小子走了！李登辉今天凌晨心脏病复发身亡】台北消息：原国民党、台联党主席，有“台独教父”之称的李登辉，今天凌晨在其家中因心脏病复发抢救无效死亡。	1
【李登辉今天凌晨心脏病复发身亡】台北快讯：原国民党、台联党主席，有“台独教父”之称的李登辉，与今天凌晨在其家中因心脏病复发抢救无效死亡。	1
【李登辉今天凌晨心脏病复发身亡】台北快讯：原国民党、台联党主席，有“台独教父”之称的李登辉，与今天凌晨在其家中因心脏病复发抢救无效死亡。 [蜡烛]	1
很少转发,只是刚在qq群里忽然对这小孩生出恻隐之心...真心希望能帮到他...	1
29日中午'据说是曲靖的蟒活吞了人，移送森林公安！	1
据说这是广东经典名菜：三叫。刚出生的老鼠仔，直接生吃！当筷子夹起来的时候老鼠仔会叫一声；沾酒的时候会再叫一声；送进嘴里的时候会再惨叫一声！！想不想试试？	1
【变态啊！】这是日本人所发明的一种宠物养殖技术，叫盆景猫！他们给小猫喂食一种促进骨质软化的化学药物,然后强塞进瓶子里，等小猫长大，身体胀满瓶子... [哼]	1
【看看人家的富二代】世界亿万富翁比尔盖茨的女儿，全身没有一个明显的名牌，没有开豪华跑车，没有拿奢侈品包包，没有艳丽的浓妆，只有明媚如清晨的朝阳，真正的淑女，从不炫耀自己拥有的一切！！！！！	1
重庆银行门前再曝枪击案 造成1死2伤 http://t.cn/zWl4HIu  （分享自 @酷6网）	1
计羽 ，北京大学光华管理学院2010级本科生，实名举报北京大学学生会主席——戴威。	1
请珍惜你身边的最佳损友。via 郭斯特 [转] （强烈推荐关注@全球潮流时尙榜，谢娜、小S等大明星都关注我了，[害羞] 您还等什么）	1
三星也挺会捣蛋的，O(∩_∩)O哈哈~	1
杨澜昨天终于承认了自己的美国籍身份。她理直气壮地说：“虽然我入了美国籍，但我出身于中国，所以从原产地角度而言，我不出席美国的两会而出席中国的两会是天经地义的”http://t.cn/zWBN4VB	1
三星赔了苹果100W，然后都是5美分的硬币……30卡车……	1
据说这是广东经典名菜：三叫。刚出生的老鼠仔，直接生吃！当筷子夹起来的时候老鼠仔会叫一声；沾酒的时候会再叫一声；送进嘴里的时候会再惨叫一声！！想不想试试？（绝对重口味，大图慎点）	1
求转发，可怜的小人！[泪]	1
【见过么？10线合体成功】今天，上海地铁10号线发生故障，两车成功合体，真心恐怖。（拍摄：@沙漠风雨晴  ）	1
德胜高架坍塌下来照片@我要问快报	1
证实芙蓉姐姐 自杀，抢救无效，起因是怀孕三个月被男朋友抛弃，又被其骗走所有钱财，房产，不辞而别，芙蓉姐姐吞下50颗安眠药后割脉自杀。@Mr_Q美国代购	1
小日本太坏了，提示大家擦亮眼睛不要上当！	1
果然是小日本在搞鬼！	1
国人最劣根性就是跟风~~~	1
日本留学生，冒充国人带头打造抢烧！	1
请大家转发，提醒国人。。。。。。。两名带头打砸抢的罪犯都是日本留学生。。。	1
分享图片	1
可恶的日本鬼子	1
广州游行打砸抢罪犯资料公布！居然是日本间谍！@福州那点事儿 福州小猪社区 http://t.cn/zl7myfr	1
#广州#【广州游行打砸抢罪犯资料公布！居然是日本间谍！】@广东热搜	1
你妹的，原来真的混入了日本间谍！大家请理性爱国@平阳水头网首席执行官 @平阳县公安局水头镇派出所 @温都社区 @如梦三下 @温州草根新闻	1
唉···	1
今天的郑州 BT啊	1
愚蠢的风者，没大脑。	1
据博友@鄭鄭鄭鄭鄭 爆料【广州警方近日抓获打砸抢罪犯部分资料公布，疑似有日本人恶意煽动】消息未经证实，假的希望辟谣，真的盼望扩散，总之，大家请应理性爱国。	1
东街口啊   我都想参加了  哈哈@庄宇希是个安静的疯子 @95Cherish小鸡 @-翁晓炜999	1
中国人要明智！	1
求证？【芙蓉姐姐就这么走了】芙蓉姐姐于下午13点左右在家中自杀身亡，原因不明！	1
求证：首席观察: 【芙蓉姐姐就这么走了】芙蓉姐姐于下午13点左右在家中自杀身亡，原因不明！又是炒作？	1
【芙蓉姐姐就这么走了】芙蓉姐姐于下午13点左右在家中自杀身亡，原因不明！	1
据网友首席观察爆料: 【芙蓉姐姐就这么走了】芙蓉姐姐于下午13点左右在家中自杀身亡，原因不明！ [泪][泪][泪][泪]求证下	1
2秒的意外，发生在日本，全世界2E多人观看，一定要顶啊！ http://t.cn/zWsisu3	1
@曾坚-通往普世之路: 难道这全是事实？！	1
今日代表地球号召——【抵制蠢货！】（地球君支持抵制日货，但请别伤害他人，破坏他人财物，可以吗？）	1
真的开打了。。	1
终于打小日本了，激动，高兴。 丁点蛋丸之地竟敢冒犯天威。md让你们尝尝列害，别老和中国的色。[威武][威武][威武]	1
开火了？这是真的吗？[思考]	1
求扩散，有人在上海地铁见到的一幕。救救这小孩吧。@阿婆网 @大鹏看天下 @徐昕	1
因为2块钱，特警暴打司机，随即被司机一招KO！！貌似死了。在外面别太横，你不知道谁是BOSS！http://t.cn/zlznn1p	1
#918#广州正佳广场。不是本人拍的，群里看到的。现在正佳那段路被封了。	1
爱尔兰瑞尔航空公司今早公布的新LOGO。。。你们赢了！[威武][神马][围观][给力][囧]	1
爱尔兰瑞尔航空公司今早公布的新LOGO……via@白丁2008	1
【爆料】爱尔兰瑞尔航空公司昨天公布的新LOGO。。。 有人可以解释一下哇。。。（图by辛梓UK_歆）via@news上海	1
爱尔兰瑞尔航空公司今早公布的新LOGO……「via白丁2008」（关注@GayHostel）	1
爱尔兰瑞安航空公司今天公布的新LOGO，节操掉了一地... @全球创意工场	1
爱尔兰瑞尔航空公司昨天公布的新LOGO。。。 有人可以解释一下伐。。。[bed凌乱]（图@辛梓UK_歆）	1
难以置信啊，明晓溪竟然就是教我《现代汉语》的郑献芹老师！！！【全文】http://t.cn/zl7NRvz	1
爱尔兰某航空公司今早公布的新LOGO……[黑线] （via：白丁2012）	1
【芙蓉姐姐就这么走了】芙蓉姐姐于下午13点左右在家中自杀身亡，原因不明！@济南草根新闻 @草根功仔 @小豆豆往前走	1
爱尔兰瑞尔航空公司今早公布的新LOGO……[衰]	1
沸腾了，成都春熙路景象。。。	1
成都今天疯了，小日本[怒]	1
爱尔兰瑞安航空公司今天公布的新LOGO，节操掉了一地...	1
河北大学放大招了！同班男女同学可住同一寝室。。(图片来源于网络)	1
尼玛只恨老子没有生在好年代啊！！！！！！！	1
烟台公园收费板凳 ，坐前投币,钉子就会下去.....	1
好一个烟台，收费的钉子凳子！	1
【中国人怎么就这么聪明呢？】烟台公园收费板凳 ，坐前投币,钉子就会下去.... http://t.cn/zWhuG3P	1
【中国人怎么就这么聪明呢？】--烟台公园收费板凳 ，坐前投币,钉子就会下去.....	1
哪天去看看。@随手拍烟台生活：烟台公园收费板凳 ，坐前投币,钉子就会下去.....	1
【收费赚钱的招数都想尽了！】 烟台公园收费板凳 ，坐前投币,钉子就会下去.....	1
河北大学放大招了！同班男女同学可住同一寝室。	1
当中国福州官员遇到日本AV女苍井空。。。	1
[围观] 印度一妇女一次产下11胞胎，创世界记录[威武] [威武]	1
印度一妇女一次产下11胞胎，创世界记录。[吃惊]	1
印度一妇女一次产下11胞胎，创世界记录[威武][威武] @醉时尚	1
印度一妇女一次产下11胞胎，创世界记录！ 恭喜恭喜！[心]	1
印度一妇女一次产下11胞胎，创世界记录！[真V5][真V5]	1
【删错文件，并且回收站也清空，如何找回！】 一不小心，删错了，还把回收站清空了，咋办啊？ 只要三步，你就能找回你删掉并清空回收站的东西！！！这个要留着哦！[good]	1
向欧洲杯致敬！印度一妇女一次产下11胞胎，创世界记录 [威武] 正好一只足球队！                                 （@流浪女子在韩国 投稿）	1
【删错文件，并且回收站也清空，如何找回！】 一不小心，删错了，还把回收站清空了，咋办啊？ 只要三步，你就能找回你删掉并清空回收站的东西（转）	1
【删错文件，并且回收站也清空，如何找回！】 一不小心，删错了，还把回收站清空了，咋办啊？ 只要三步，你就能找回你删掉并清空回收站的东西！！！	1
@哼-看我眼神：《一场设在大街上的简朴婚礼》 主人作为某乡的乡长，由衷地感叹：“没有党就没有我的幸福生活！社会主义好！社会主义很先进！”本人也由衷地感叹:一年天朝乡，十万血花银。	1
"刚刚听说央视新大楼定名为""智窗""。我真的服了，也不知道誰想的名字，够创意。[笑哈哈]（via: @大年糕周昀 ）"	1
【特供瀑布】中国最大的瀑布——黄果树瀑布，早就没有多少水了，但只要大领导一来，瀑布还是气势磅礴。原来上面有水库，可以开闸放水。这年头，竟然连风景都有特供！！ @袁裕来律师	1
对于近日打砸抢地报道万感痛心！理性爱国什么时候才能做到啊！？自己喝毒药想让别人难受怎么可能[晕]无论下面的图文真与假，对我们都是个警告[话筒][围观]长点心吧！中国人！	1
东北证券吉林公主岭营业部今天上午被愤怒的股民点燃.	1
爱尔兰某航空公司刚公布的新LOGO，我瞬间就邪恶了~	1
【股市火了】	1
爱尔兰瑞尔航空公司今早公布的新LOGO…你们赢了！	1
世界上最恶劣的村民 就在中国。	1
【 辽宁盘锦1村民被民警枪杀续：系政府违法强拆】 兴隆台区有关部门在没有和村民达成拆迁补偿协议、且没有法院判决的情况下违法强拆，导致矛盾迅速激化----	1
千万注意！！！	1
【看看人家的富二代】世界亿万富翁比尔盖茨的女儿，全身没有一个明显的名牌，没有开豪华跑车，没有拿奢侈品包包，没有艳丽的浓妆，只有明媚如清晨的朝阳，真正的淑女，从不炫耀自己拥有的一切！	1
前日晚，邯郸市邯山区区长张海忠在办公室被砍断脖子，当场死亡。	1
别用正在充电的手机接听电话，关爱自己和他人，切记！！	1
天天向上节目主持人 矢野浩二 因在节目中说“钓鱼岛是中国的”而被日本 右 翼 分 子 视为 国 贼，在9月25日晚20点，被右 翼 分 子 下毒害死，享年38岁。	1
【静安，再见……】【全文】http://t.cn/zl5OXSy	1
这是普陀山，你信吗?以后黄金周拒绝一切国内行，要么出国要么宅家!	1
秋天到了，冬天还会远吗？未来的“文化部部长”兼“二人转转长”山本大叔昨晚已被控制，清算倒计时。拔出萝卜带出泥，洗都洗不干净啊。。。。。。	1
再去武大，已无牌坊！非要拆掉？@章立凡 @袁裕来律师 @老徐时评 @徐昕 @杨锦麟 @左小祖咒 @于建嵘 @袁飏先生	1
分享图片：县长夫人在巴黎!	1
【特供黄果树瀑布，领导一来就开闸放水】中国最大的瀑布——黄果树瀑布，早就没有多少水了，但只要大领导一来，瀑布还是气势磅礴。原来上面有水库，可以开闸放水。这年头，竟然连风景都有特供。by@凯迪猫眼看人	1
【图中可看出一个领导的情怀】某省某地纪委书记汪同志认为网民是暴民是敌人，但他对同是日籍网民的苍井空却是十分的暧昧......纪委书记大人爱憎分明！by网络 更多热点新闻请关注@新闻坊	1
#每日一帖#[生活百科][生活常识]牙膏底部的短线，绿色天然的。蓝色天然加药物，红色药物加化学，黑色纯化学。今后购买要记得好好看看了，真心有用！转！	1
